make[1]: Entering directory '/build'
  GEN     Makefile
#
# configuration written to .config
#
make[1]: Leaving directory '/build'
make[1]: Entering directory '/build'
  SYNC    include/config/auto.conf.cmd
  GEN     Makefile
  GEN     Makefile
mkdir -p /build/tools/bpf/resolve_btfids && make O=/build subdir=tools/bpf/resolve_btfids --no-print-directory -C bpf/resolve_btfids 
  CC      arch/arm64/kernel/asm-offsets.s
  INSTALL libsubcmd_headers
  CALL    /src/scripts/checksyscalls.sh
  AS      arch/arm64/kernel/vdso/note.o
  AS      arch/arm64/kernel/vdso/sigreturn.o
  LD      arch/arm64/kernel/vdso/vdso.so.dbg
  VDSOSYM include/generated/vdso-offsets.h
  OBJCOPY arch/arm64/kernel/vdso/vdso.so
  AS      arch/arm64/kernel/vdso/purecap/note.o
  AS      arch/arm64/kernel/vdso/purecap/sigreturn.o
  LD      arch/arm64/kernel/vdso/purecap/vdso.so.dbg
ld.lld: warning: <internal>:(.pad.cheri.pcc) is being placed in '.pad.cheri.pcc'
  VDSOSYM include/generated/vdso-purecap-offsets.h
  OBJCOPY arch/arm64/kernel/vdso/purecap/vdso.so
  CC      arch/arm64/net/cbpf_jit.o
  CC      arch/arm64/net/cbpf_runtime.o
make[1]: Leaving directory '/build'
make[1]: Entering directory '/build'
  GEN     Makefile
mkdir -p /build/tools/bpf/resolve_btfids && make O=/build subdir=tools/bpf/resolve_btfids --no-print-directory -C bpf/resolve_btfids 
  CALL    /src/scripts/checksyscalls.sh
  INSTALL libsubcmd_headers
  AS      arch/arm64/lib/clear_page.o
  CC      io_uring/io_uring.o
  CC      block/partitions/core.o
  CC      arch/arm64/net/bpf_jit_comp.o
  AS      arch/arm64/lib/clear_user.o
  AS      arch/arm64/lib/copy_from_user.o
  AS      arch/arm64/lib/copy_page.o
  AS      arch/arm64/lib/copy_to_user.o
  CC      arch/arm64/lib/csum.o
  CC      arch/arm64/lib/delay.o
  CC      block/partitions/msdos.o
  CC      arch/arm64/lib/insn.o
  AR      arch/arm64/net/built-in.a
  AR      arch/arm64/crypto/built-in.a
  AS      arch/arm64/lib/memchr.o
  AS      arch/arm64/lib/memcmp.o
  AS      arch/arm64/lib/memset.o
  CC      arch/arm64/kernel/debug-monitors.o
  AS      arch/arm64/lib/morello_memcpy.o
  AS      arch/arm64/lib/strchr.o
  CC      block/partitions/efi.o
  AS      arch/arm64/lib/strcmp.o
  AS      arch/arm64/lib/strlen.o
  AS      arch/arm64/lib/strncmp.o
  AS      arch/arm64/lib/strnlen.o
  AS      arch/arm64/lib/strrchr.o
  AS      arch/arm64/lib/tishift.o
  AS      arch/arm64/lib/crc32.o
  AS      arch/arm64/lib/copy_from_user_with_captags.o
  AS      arch/arm64/lib/copy_to_user_with_captags.o
  AR      arch/arm64/lib/lib.a
  AR      arch/arm64/lib/built-in.a
  CC      lib/math/div64.o
  CC      lib/math/gcd.o
  AS      arch/arm64/kernel/entry.o
  CC      arch/arm64/kernel/irq.o
  CC      lib/math/lcm.o
  CC      lib/math/int_log.o
  AR      block/partitions/built-in.a
  CC      block/bdev.o
  CC      lib/math/int_pow.o
  CC      lib/math/int_sqrt.o
  CC      lib/math/reciprocal_div.o
  CC      io_uring/xattr.o
  CC      lib/math/rational.o
  CC      arch/arm64/kernel/fpsimd.o
  AR      lib/math/built-in.a
  CC      lib/crypto/memneq.o
  CC      block/fops.o
  CC      io_uring/nop.o
  CC      lib/crypto/utils.o
  CC      arch/arm64/kernel/entry-common.o
  CC      lib/crypto/chacha.o
  CC      io_uring/fs.o
  CC      lib/crypto/blake2s.o
  CC      block/bio.o
  AS      arch/arm64/kernel/entry-fpsimd.o
  CC      lib/crypto/blake2s-generic.o
  CC      arch/arm64/kernel/process.o
  CC      io_uring/splice.o
  CC      lib/crypto/sha1.o
  AR      lib/crypto/built-in.a
  CC      lib/zlib_inflate/inffast.o
  CC      arch/arm64/kernel/ptrace.o
  CC      lib/zlib_inflate/inflate.o
  CC      io_uring/sync.o
  CC      block/elevator.o
  CC      lib/zlib_inflate/infutil.o
  CC      io_uring/advise.o
  CC      lib/zlib_inflate/inftrees.o
  CC      lib/zlib_inflate/inflate_syms.o
  CC      arch/arm64/kernel/setup.o
  CC      block/blk-core.o
  AR      lib/zlib_inflate/built-in.a
  CC      lib/zlib_deflate/deflate.o
  CC      io_uring/filetable.o
  CC      arch/arm64/kernel/signal.o
  CC      lib/zlib_deflate/deftree.o
  CC      block/blk-sysfs.o
  CC      io_uring/openclose.o
  CC      lib/zlib_deflate/deflate_syms.o
  AR      lib/zlib_deflate/built-in.a
  CC      lib/lzo/lzo1x_decompress_safe.o
  CC      arch/arm64/kernel/sys.o
  CC      block/blk-flush.o
  AR      lib/lzo/built-in.a
  CC      lib/lz4/lz4_decompress.o
  CC      io_uring/uring_cmd.o
  CC      arch/arm64/kernel/stacktrace.o
  CC      block/blk-settings.o
  AR      lib/lz4/built-in.a
  CC      lib/zstd/zstd_decompress_module.o
  CC      io_uring/epoll.o
  CC      arch/arm64/kernel/time.o
  CC      lib/zstd/decompress/huf_decompress.o
  CC      block/blk-ioc.o
  CC      arch/arm64/kernel/traps.o
  CC      io_uring/statx.o
  CC      lib/zstd/decompress/zstd_ddict.o
  CC      lib/zstd/decompress/zstd_decompress.o
  CC      block/blk-map.o
  CC      arch/arm64/kernel/io.o
  CC      lib/zstd/decompress/zstd_decompress_block.o
  CC      io_uring/net.o
  CC      arch/arm64/kernel/vdso.o
  CC      block/blk-merge.o
  AS      arch/arm64/kernel/hyp-stub.o
  CC      arch/arm64/kernel/psci.o
  CC      lib/zstd/zstd_common_module.o
  CC      io_uring/msg_ring.o
  CC      arch/arm64/kernel/cpu_ops.o
  CC      block/blk-timeout.o
  CC      lib/zstd/common/debug.o
  CC      lib/zstd/common/entropy_common.o
  CC      lib/zstd/common/error_private.o
  CC      lib/zstd/common/fse_decompress.o
  CC      lib/zstd/common/zstd_common.o
  CC      arch/arm64/kernel/return_address.o
  AR      lib/zstd/built-in.a
  CC      lib/xz/xz_dec_syms.o
  CC      block/blk-lib.o
  CC      io_uring/timeout.o
  CC      lib/xz/xz_dec_stream.o
  CC      arch/arm64/kernel/cpuinfo.o
  CC      block/blk-mq.o
  CC      lib/xz/xz_dec_lzma2.o
  CC      io_uring/sqpoll.o
  CC      arch/arm64/kernel/cpu_errata.o
  CC      lib/xz/xz_dec_bcj.o
  CC      arch/arm64/kernel/cpufeature.o
  CC      io_uring/fdinfo.o
  AR      lib/xz/built-in.a
  CC      lib/fonts/fonts.o
  CC      lib/fonts/font_8x16.o
  CC      arch/arm64/kernel/alternative.o
  CC      io_uring/tctx.o
  AR      lib/fonts/built-in.a
  CC      lib/argv_split.o
  CC      block/blk-mq-tag.o
  CC      lib/bug.o
  CC      arch/arm64/kernel/cacheinfo.o
  CC      io_uring/poll.o
  CC      block/blk-stat.o
  CC      lib/buildid.o
  CC      arch/arm64/kernel/smp.o
  CC      lib/cmdline.o
  CC      block/blk-mq-sysfs.o
  CC      lib/cpumask.o
  CC      io_uring/cancel.o
  CC      arch/arm64/kernel/smp_spin_table.o
  CC      lib/ctype.o
  CC      lib/dec_and_lock.o
  CC      block/blk-mq-cpumap.o
  CC      lib/decompress.o
  CC      lib/decompress_bunzip2.o
  CC      io_uring/kbuf.o
  CC      arch/arm64/kernel/topology.o
  CC      block/blk-mq-sched.o
  CC      lib/decompress_inflate.o
  CC      io_uring/rsrc.o
  AS      arch/arm64/kernel/smccc-call.o
  CC      arch/arm64/kernel/syscall.o
  CC      lib/decompress_unlz4.o
  CC      block/ioctl.o
  CC      lib/decompress_unlzma.o
  CC      arch/arm64/kernel/proton-pack.o
  CC      lib/decompress_unlzo.o
  CC      io_uring/rw.o
  CC      block/genhd.o
  CC      lib/decompress_unxz.o
  CC      arch/arm64/kernel/idreg-override.o
  CC      lib/decompress_unzstd.o
  CC      arch/arm64/kernel/idle.o
  CC      block/ioprio.o
  CC      io_uring/opdef.o
  CC      lib/dump_stack.o
  CC      arch/arm64/kernel/patching.o
  CC      block/badblocks.o
  CC      lib/earlycpio.o
  CC      arch/arm64/kernel/sys_compat64.o
  CC      lib/extable.o
  CC      io_uring/notif.o
  CC      block/blk-rq-qos.o
  CC      lib/fdt.o
  CC      arch/arm64/kernel/signal_compat64.o
  CC      lib/fdt_addresses.o
  CC      lib/fdt_empty_tree.o
  CC      lib/fdt_ro.o
  CC      lib/fdt_rw.o
  CC      io_uring/waitid.o
  CC      block/disk-events.o
  CC      lib/fdt_strerror.o
  CC      lib/fdt_sw.o
  CC      lib/fdt_wip.o
  CC      lib/flex_proportions.o
  CC      lib/idr.o
  CC      arch/arm64/kernel/module.o
  CC      block/blk-ia-ranges.o
  CC      io_uring/io-wq.o
  CC      lib/irq_regs.o
  CC      lib/is_single_threaded.o
  CC      arch/arm64/kernel/module-plts.o
  CC      block/early-lookup.o
  CC      lib/klist.o
  CC      arch/arm64/kernel/perf_regs.o
  CC      io_uring/futex.o
  CC      lib/kobject.o
  CC      block/blk-cgroup.o
  CC      arch/arm64/kernel/perf_callchain.o
  CC      lib/kobject_uevent.o
  AR      io_uring/built-in.a
  CC      lib/logic_pio.o
  CC      arch/arm64/kernel/hw_breakpoint.o
  CC      block/blk-cgroup-rwstat.o
  CC      lib/maple_tree.o
  AR      drivers/cache/built-in.a
  CC      drivers/irqchip/irqchip.o
  AS      arch/arm64/kernel/sleep.o
  CC      block/mq-deadline.o
  CC      arch/arm64/kernel/suspend.o
  CC      drivers/irqchip/irq-gic.o
  CC      arch/arm64/kernel/cpuidle.o
  CC      block/kyber-iosched.o
  CC      drivers/irqchip/irq-gic-common.o
  CC      arch/arm64/kernel/efi.o
  CC      drivers/irqchip/irq-gic-v2m.o
  AS      arch/arm64/kernel/efi-rt-wrapper.o
  CC      arch/arm64/kernel/pci.o
  CC      lib/memcat_p.o
  CC      block/bfq-iosched.o
  CC      drivers/irqchip/irq-gic-v3.o
  CC      lib/nmi_backtrace.o
  CC      arch/arm64/kernel/acpi.o
  CC      lib/objpool.o
  CC      arch/arm64/kernel/acpi_numa.o
  CC      drivers/irqchip/irq-gic-v3-mbi.o
  CC      lib/plist.o
  CC      lib/radix-tree.o
  CC      arch/arm64/kernel/pi/kaslr_early.o
  CC      drivers/irqchip/irq-gic-v3-its.o
  CC      block/bfq-wf2q.o
  OBJCOPY arch/arm64/kernel/pi/kaslr_early.pi.o
  AR      arch/arm64/kernel/pi/built-in.a
  CC      arch/arm64/kernel/elfcore.o
  CC      lib/ratelimit.o
  CC      lib/rbtree.o
  CC      arch/arm64/kernel/machine_kexec.o
  CC      lib/seq_buf.o
  CC      block/bfq-cgroup.o
  AS      arch/arm64/kernel/relocate_kernel.o
  AS      arch/arm64/kernel/cpu-reset.o
  CC      arch/arm64/kernel/crash_dump.o
  CC      lib/siphash.o
  CC      block/blk-mq-pci.o
  CC      lib/string.o
  CC      arch/arm64/kernel/crash_core.o
  CC      drivers/irqchip/irq-gic-v3-its-platform-msi.o
  CC      lib/timerqueue.o
  CC      arch/arm64/kernel/pointer_auth.o
  CC      block/blk-mq-virtio.o
  CC      lib/vsprintf.o
  CC      drivers/irqchip/irq-gic-v4.o
  CC      arch/arm64/kernel/morello.o
  CC      drivers/irqchip/irq-gic-v3-its-pci-msi.o
  CC      block/blk-mq-debugfs.o
  AS      arch/arm64/kernel/vdso-wrap.o
  AS      arch/arm64/kernel/vdso-purecap-wrap.o
  CC      arch/arm64/kernel/probes/uprobes.o
  CC      drivers/irqchip/irq-partition-percpu.o
  CC      block/blk-pm.o
  CC      arch/arm64/kernel/probes/decode-insn.o
  CC      lib/win_minmax.o
  AR      drivers/irqchip/built-in.a
  AR      drivers/bus/mhi/built-in.a
  CC      drivers/bus/simple-pm-bus.o
  AR      block/built-in.a
  CC      drivers/bus/vexpress-config.o
  CC      arch/arm64/kernel/probes/simulate-insn.o
  CC      lib/xarray.o
  AS      arch/arm64/kernel/head.o
  CC      lib/lockref.o
  AR      drivers/bus/built-in.a
  CC      drivers/gpio/gpiolib.o
  AR      sound/built-in.a
  CC      lib/bcd.o
  AR      drivers/pwm/built-in.a
  AR      arch/arm64/kernel/probes/built-in.a
  AR      arch/arm64/kernel/built-in.a
  CC      arch/arm64/mm/dma-mapping.o
  CC      net/core/sock.o
  CC      lib/sort.o
  CC      lib/parser.o
  CC      arch/arm64/mm/extable.o
  CC      lib/debug_locks.o
  CC      arch/arm64/mm/fault.o
  CC      lib/random32.o
  CC      drivers/gpio/gpiolib-devres.o
  CC      lib/bust_spinlocks.o
  CC      arch/arm64/mm/init.o
  CC      lib/kasprintf.o
  CC      drivers/gpio/gpiolib-legacy.o
  CC      net/core/request_sock.o
  CC      lib/bitmap.o
  CC      drivers/gpio/gpiolib-of.o
  AS      arch/arm64/mm/cache.o
  CC      arch/arm64/mm/copypage.o
  CC      net/core/skbuff.o
  CC      lib/scatterlist.o
  CC      drivers/gpio/gpiolib-cdev.o
  CC      arch/arm64/mm/flush.o
  CC      arch/arm64/mm/ioremap.o
  CC      lib/list_sort.o
  CC      lib/uuid.o
  CC      lib/iov_iter.o
  CC      drivers/gpio/gpiolib-acpi.o
  CC      arch/arm64/mm/mmap.o
  CC      arch/arm64/mm/pgd.o
  CC      drivers/gpio/gpiolib-swnode.o
  CC      arch/arm64/mm/mmu.o
  CC      drivers/gpio/gpio-mmio.o
  CC      lib/clz_ctz.o
  CC      lib/bsearch.o
  CC      net/core/datagram.o
  AR      drivers/gpio/built-in.a
  CC      drivers/pci/msi/pcidev_msi.o
  CC      lib/find_bit.o
  CC      arch/arm64/mm/context.o
  CC      lib/llist.o
  CC      lib/lwq.o
  CC      drivers/pci/msi/api.o
  CC      lib/memweight.o
  CC      lib/kfifo.o
  AS      arch/arm64/mm/proc.o
  CC      arch/arm64/mm/pageattr.o
  CC      net/core/stream.o
  CC      drivers/pci/msi/msi.o
  CC      lib/percpu-refcount.o
  CC      arch/arm64/mm/fixmap.o
  CC      drivers/pci/msi/irqdomain.o
  CC      lib/rhashtable.o
  CC      net/core/scm.o
  CC      arch/arm64/mm/hugetlbpage.o
  AR      drivers/pci/msi/built-in.a
  CC      drivers/pci/pcie/aspm.o
  CC      lib/base64.o
  CC      lib/once.o
  CC      net/core/gen_stats.o
  CC      arch/arm64/mm/trans_pgd.o
  AR      drivers/pci/pcie/built-in.a
  CC      drivers/pci/controller/dwc/pcie-al.o
  CC      lib/refcount.o
  CC      lib/rcuref.o
  CC      lib/usercopy.o
  AS      arch/arm64/mm/trans_pgd-asm.o
  CC      net/core/gen_estimator.o
  AR      arch/arm64/mm/built-in.a
  AR      arch/arm64/built-in.a
  CC      drivers/pci/controller/dwc/pcie-hisi.o
  AR      virt/lib/built-in.a
  AR      virt/built-in.a
  CC      drivers/pci/controller/dwc/pcie-tegra194-acpi.o
  CC      lib/errseq.o
  CC      lib/bucket_locks.o
  AR      drivers/pci/controller/dwc/built-in.a
  AR      drivers/pci/controller/mobiveil/built-in.a
  CC      drivers/pci/controller/pci-host-common.o
  CC      drivers/video/console/dummycon.o
  CC      net/core/net_namespace.o
  CC      lib/generic-radix-tree.o
  CC      drivers/pci/controller/pci-host-generic.o
  AR      drivers/video/console/built-in.a
  AR      drivers/video/backlight/built-in.a
  AR      drivers/video/fbdev/core/built-in.a
  AR      drivers/video/fbdev/omap/built-in.a
  CC      lib/bitmap-str.o
  AR      drivers/video/fbdev/omap2/omapfb/dss/built-in.a
  AR      drivers/video/fbdev/omap2/omapfb/displays/built-in.a
  AR      drivers/video/fbdev/omap2/omapfb/built-in.a
  AR      drivers/video/fbdev/omap2/built-in.a
  AR      drivers/video/fbdev/built-in.a
  AR      drivers/video/built-in.a
  CC      net/llc/llc_core.o
  CC      drivers/pci/controller/pci-thunder-ecam.o
  CC      lib/string_helpers.o
  CC      net/core/secure_seq.o
  CC      net/llc/llc_input.o
  CC      drivers/pci/controller/pci-thunder-pem.o
  CC      lib/hexdump.o
  CC      lib/kstrtox.o
  CC      net/llc/llc_output.o
  CC      net/core/flow_dissector.o
  CC      drivers/pci/controller/pci-xgene.o
  CC      lib/pci_iomap.o
  AR      net/llc/built-in.a
  AR      drivers/pci/switch/built-in.a
  CC      net/ethernet/eth.o
  AR      drivers/pci/controller/built-in.a
  CC      drivers/pci/access.o
  CC      lib/iomap_copy.o
  CC      lib/devres.o
  CC      drivers/pci/bus.o
  CC      net/core/sysctl_net_core.o
  AR      net/ethernet/built-in.a
  CC      net/core/dev.o
  CC      lib/hweight.o
  CC      lib/assoc_array.o
  CC      drivers/pci/probe.o
  CC      lib/bitrev.o
  CC      lib/linear_ranges.o
  CC      crypto/api.o
  CC      lib/crc16.o
  CC      drivers/pci/host-bridge.o
  CC      crypto/cipher.o
  HOSTCC  lib/gen_crc32table
  CC      lib/libcrc32c.o
  CC      drivers/pci/remove.o
  CC      crypto/compress.o
  CC      lib/xxhash.o
  CC      drivers/pci/pci.o
  CC      crypto/algapi.o
  CC      lib/genalloc.o
  CC      lib/percpu_counter.o
  CC      crypto/scatterwalk.o
  CC      lib/audit.o
  CC      net/core/dev_addr_lists.o
  CC      crypto/proc.o
  CC      lib/compat_audit.o
  CC      lib/syscall.o
  CC      drivers/pci/pci-driver.o
  CC      crypto/aead.o
  CC      lib/errname.o
  CC      net/core/dst.o
  CC      lib/nlattr.o
  CC      drivers/pci/search.o
  CC      crypto/lskcipher.o
  CC      lib/checksum.o
  CC      drivers/pci/pci-sysfs.o
  CC      net/core/netevent.o
  CC      crypto/skcipher.o
  CC      lib/cpu_rmap.o
  CC      net/core/neighbour.o
  CC      lib/dynamic_queue_limits.o
  CC      lib/glob.o
  CC      drivers/pci/rom.o
  CC      crypto/ahash.o
  CC      lib/strncpy_from_user.o
  CC      drivers/pci/setup-res.o
  CC      crypto/shash.o
  CC      lib/strnlen_user.o
  CC      drivers/pci/irq.o
  CC      lib/net_utils.o
  CC      crypto/akcipher.o
  CC      net/core/rtnetlink.o
  CC      drivers/pci/vpd.o
  CC      lib/sg_pool.o
  CC      crypto/sig.o
  CC      drivers/pci/setup-bus.o
  CC      lib/cheri.o
  CC      crypto/kpp.o
  CC      lib/user_ptr.o
  CC      drivers/pci/vc.o
  CC      crypto/acompress.o
  CC      lib/stackdepot.o
  CC      net/core/utils.o
  CC      drivers/pci/mmap.o
  CC      lib/ucs2_string.o
  CC      crypto/scompress.o
  CC      lib/sbitmap.o
  CC      drivers/pci/setup-irq.o
  CC      net/core/link_watch.o
  CC      crypto/algboss.o
  CC      drivers/pci/proc.o
  CC      lib/group_cpus.o
  CC      crypto/testmgr.o
  CC      net/core/filter.o
  CC      drivers/pci/slot.o
  CC      lib/devmem_is_allowed.o
  CC      crypto/ecb.o
  CC      drivers/pci/pci-acpi.o
  CC      lib/fw_table.o
  CC      crypto/crc32c_generic.o
  CC      crypto/rng.o
  AR      lib/lib.a
  GEN     lib/crc32table.h
  CC      lib/crc32.o
  CC      drivers/pci/of.o
  AR      crypto/built-in.a
  CC      drivers/pci/quirks.o
  AR      lib/built-in.a
  CC      net/802/p8022.o
  CC      fs/open.o
  CC      net/802/psnap.o
  CC      drivers/pci/pci-label.o
  CC      net/802/stp.o
  CC      fs/read_write.o
  CC      net/core/sock_diag.o
  CC      drivers/pci/syscall.o
  AR      net/802/built-in.a
  CC      net/sched/sch_generic.o
  CC      drivers/pci/ecam.o
  CC      net/core/dev_ioctl.o
  CC      fs/file_table.o
  CC      drivers/pci/vgaarb.o
  CC      fs/super.o
  CC      net/core/tso.o
  AR      drivers/pci/built-in.a
  CC      net/sched/sch_mq.o
  AR      drivers/idle/built-in.a
  AR      drivers/char/ipmi/built-in.a
  CC      drivers/acpi/acpica/dsargs.o
  CC      drivers/acpi/acpica/dscontrol.o
  CC      fs/char_dev.o
  CC      drivers/acpi/acpica/dsdebug.o
  CC      net/core/sock_reuseport.o
  CC      net/sched/sch_frag.o
  CC      drivers/acpi/acpica/dsfield.o
  CC      fs/stat.o
  CC      drivers/acpi/acpica/dsinit.o
  CC      net/sched/sch_api.o
  CC      net/core/fib_notifier.o
  CC      drivers/acpi/acpica/dsmethod.o
  CC      fs/exec.o
  CC      drivers/acpi/acpica/dsmthdat.o
  CC      net/core/xdp.o
  CC      drivers/acpi/acpica/dsobject.o
  CC      drivers/acpi/acpica/dsopcode.o
  CC      net/sched/sch_blackhole.o
  CC      drivers/acpi/acpica/dspkginit.o
  CC      fs/pipe.o
  CC      drivers/acpi/acpica/dsutils.o
  CC      net/core/flow_offload.o
  CC      net/sched/cls_api.o
  CC      drivers/acpi/acpica/dswexec.o
  CC      fs/namei.o
  CC      drivers/acpi/acpica/dswload.o
  CC      net/core/gro.o
  CC      drivers/acpi/acpica/dswload2.o
  CC      drivers/acpi/acpica/dswscope.o
  CC      drivers/acpi/acpica/dswstate.o
  CC      net/sched/act_api.o
  CC      drivers/acpi/acpica/evevent.o
  CC      net/core/netdev-genl.o
  CC      fs/fcntl.o
  CC      drivers/acpi/acpica/evgpe.o
  CC      drivers/acpi/acpica/evgpeblk.o
  CC      net/core/netdev-genl-gen.o
  CC      net/sched/sch_fifo.o
  CC      drivers/acpi/acpica/evgpeinit.o
  CC      fs/ioctl.o
  CC      drivers/acpi/acpica/evgpeutil.o
  CC      net/core/gso.o
  CC      net/sched/cls_bpf.o
  CC      drivers/acpi/acpica/evglock.o
  CC      fs/readdir.o
  CC      drivers/acpi/acpica/evhandler.o
  CC      drivers/acpi/acpica/evmisc.o
  CC      net/core/net-sysfs.o
  CC      fs/select.o
  AR      net/sched/built-in.a
  CC      init/main.o
  CC      drivers/acpi/acpica/evregion.o
  CC      drivers/acpi/acpica/evrgnini.o
  CC      drivers/acpi/acpica/evsci.o
  CC      init/do_mounts.o
  CC      drivers/acpi/acpica/evxface.o
  CC      net/core/page_pool.o
  CC      fs/dcache.o
  CC      drivers/acpi/acpica/evxfevnt.o
  CC      drivers/acpi/acpica/evxfgpe.o
  CC      init/do_mounts_initrd.o
  CC      drivers/acpi/acpica/evxfregn.o
  CC      net/core/net-procfs.o
  CC      drivers/acpi/acpica/exconcat.o
  CC      fs/inode.o
  CC      init/initramfs.o
  CC      drivers/acpi/acpica/exconfig.o
  CC      net/core/net-traces.o
  CC      init/calibrate.o
  CC      drivers/acpi/acpica/exconvrt.o
  CC      init/init_task.o
  CC      drivers/acpi/acpica/excreate.o
  CC      fs/attr.o
  CC      drivers/acpi/acpica/exdebug.o
  CC      init/version.o
  CC      drivers/acpi/acpica/exdump.o
  CC      fs/bad_inode.o
  AR      init/built-in.a
  CC      net/core/ptp_classifier.o
  CC      drivers/acpi/acpica/exfield.o
  CC      fs/file.o
  CC      drivers/acpi/acpica/exfldio.o
  CC      drivers/pnp/pnpacpi/core.o
  CC      net/core/dst_cache.o
  CC      drivers/acpi/acpica/exmisc.o
  CC      drivers/acpi/acpica/exmutex.o
  CC      drivers/pnp/pnpacpi/rsparser.o
  CC      fs/filesystems.o
  CC      net/core/gro_cells.o
  CC      drivers/acpi/acpica/exnames.o
  CC      fs/namespace.o
  AR      drivers/pnp/pnpacpi/built-in.a
  CC      drivers/pnp/core.o
  CC      drivers/acpi/acpica/exoparg1.o
  CC      net/core/failover.o
  CC      drivers/acpi/acpica/exoparg2.o
  CC      drivers/pnp/card.o
  CC      drivers/acpi/acpica/exoparg3.o
  CC      net/core/skmsg.o
  CC      drivers/acpi/acpica/exoparg6.o
  CC      drivers/pnp/driver.o
  CC      drivers/acpi/acpica/exprep.o
  CC      drivers/pnp/resource.o
  CC      fs/seq_file.o
  CC      drivers/acpi/acpica/exregion.o
  CC      drivers/acpi/acpica/exresnte.o
  CC      fs/xattr.o
  CC      drivers/pnp/manager.o
  CC      net/core/sock_map.o
  CC      drivers/acpi/acpica/exresolv.o
  CC      drivers/pnp/support.o
  CC      drivers/acpi/acpica/exresop.o
  CC      fs/libfs.o
  CC      drivers/acpi/acpica/exserial.o
  CC      drivers/pnp/interface.o
  CC      drivers/acpi/acpica/exstore.o
  CC      net/core/bpf_sk_storage.o
  CC      drivers/pnp/quirks.o
  CC      drivers/acpi/acpica/exstoren.o
  CC      fs/fs-writeback.o
  CC      drivers/acpi/acpica/exstorob.o
  CC      drivers/pnp/system.o
  CC      drivers/acpi/acpica/exsystem.o
  AR      drivers/pnp/built-in.a
  CC      drivers/acpi/acpica/extrace.o
  CC      net/core/of_net.o
  CC      drivers/amba/bus.o
  CC      drivers/acpi/acpica/exutils.o
  CC      drivers/acpi/acpica/hwacpi.o
  AR      net/core/built-in.a
  CC      net/netlink/af_netlink.o
  AR      drivers/amba/built-in.a
  AR      drivers/clk/actions/built-in.a
  AR      drivers/clk/analogbits/built-in.a
  CC      drivers/acpi/acpica/hwesleep.o
  AR      drivers/clk/bcm/built-in.a
  AR      drivers/clk/imgtec/built-in.a
  AR      drivers/clk/imx/built-in.a
  AR      drivers/clk/ingenic/built-in.a
  AR      drivers/clk/mediatek/built-in.a
  AR      drivers/clk/microchip/built-in.a
  AR      drivers/clk/mstar/built-in.a
  AR      drivers/clk/mvebu/built-in.a
  AR      drivers/clk/ralink/built-in.a
  AR      drivers/clk/renesas/built-in.a
  AR      drivers/clk/socfpga/built-in.a
  CC      fs/pnode.o
  AR      drivers/clk/sprd/built-in.a
  AR      drivers/clk/starfive/built-in.a
  AR      drivers/clk/sunxi-ng/built-in.a
  AR      drivers/clk/ti/built-in.a
  CC      drivers/clk/versatile/clk-vexpress-osc.o
  CC      drivers/acpi/acpica/hwgpe.o
  AR      drivers/clk/versatile/built-in.a
  CC      fs/splice.o
  AR      drivers/clk/xilinx/built-in.a
  CC      drivers/clk/clk-devres.o
  CC      drivers/acpi/acpica/hwregs.o
  CC      drivers/acpi/acpica/hwsleep.o
  CC      drivers/clk/clk-bulk.o
  CC      drivers/acpi/acpica/hwvalid.o
  CC      net/netlink/genetlink.o
  CC      drivers/clk/clkdev.o
  CC      drivers/acpi/acpica/hwxface.o
  CC      fs/sync.o
  CC      drivers/acpi/acpica/hwxfsleep.o
  CC      drivers/clk/clk.o
  CC      drivers/acpi/acpica/hwpci.o
  CC      fs/utimes.o
  CC      net/netlink/policy.o
  CC      drivers/acpi/acpica/nsaccess.o
  CC      fs/d_path.o
  CC      drivers/acpi/acpica/nsalloc.o
  AR      net/netlink/built-in.a
  CC      net/bpf/test_run.o
  CC      drivers/acpi/acpica/nsarguments.o
  CC      fs/stack.o
  CC      drivers/acpi/acpica/nsconvert.o
  CC      drivers/clk/clk-divider.o
  CC      fs/fs_struct.o
  CC      drivers/acpi/acpica/nsdump.o
  CC      drivers/acpi/acpica/nseval.o
  CC      fs/statfs.o
  CC      drivers/clk/clk-fixed-factor.o
  CC      drivers/acpi/acpica/nsinit.o
  CC      net/bpf/bpf_dummy_struct_ops.o
  CC      drivers/clk/clk-fixed-rate.o
  CC      drivers/acpi/acpica/nsload.o
  CC      fs/fs_pin.o
  CC      drivers/acpi/acpica/nsnames.o
  CC      drivers/clk/clk-gate.o
  AR      net/bpf/built-in.a
  CC      net/ethtool/ioctl.o
  CC      fs/nsfs.o
  CC      drivers/acpi/acpica/nsobject.o
  CC      drivers/clk/clk-multiplier.o
  CC      fs/fs_types.o
  CC      drivers/acpi/acpica/nsparse.o
  CC      drivers/clk/clk-mux.o
  CC      fs/fs_context.o
  CC      drivers/acpi/acpica/nspredef.o
  CC      drivers/clk/clk-composite.o
  CC      drivers/acpi/acpica/nsprepkg.o
  CC      fs/fs_parser.o
  CC      drivers/acpi/acpica/nsrepair.o
  CC      net/ethtool/common.o
  CC      drivers/clk/clk-fractional-divider.o
  CC      drivers/acpi/acpica/nsrepair2.o
  CC      fs/fsopen.o
  CC      drivers/clk/clk-gpio.o
  CC      net/ethtool/netlink.o
  CC      drivers/acpi/acpica/nssearch.o
  CC      drivers/clk/clk-conf.o
  CC      drivers/acpi/acpica/nsutils.o
  CC      fs/init.o
  CC      drivers/clk/clk-scmi.o
  CC      drivers/acpi/acpica/nswalk.o
  CC      fs/kernel_read_file.o
  CC      net/ethtool/bitset.o
  CC      drivers/acpi/acpica/nsxfeval.o
  AR      drivers/clk/built-in.a
  CC      drivers/acpi/acpica/nsxfname.o
  CC      fs/mnt_idmapping.o
  CC      fs/remap_range.o
  CC      drivers/acpi/acpica/nsxfobj.o
  CC      net/ethtool/strset.o
  CC      fs/proc_namespace.o
  CC      drivers/acpi/acpica/psargs.o
  CC      drivers/acpi/numa/srat.o
  CC      drivers/acpi/acpica/psloop.o
  CC      fs/notify/fsnotify.o
  CC      net/ethtool/linkinfo.o
  CC      drivers/acpi/acpica/psobject.o
  AR      drivers/acpi/numa/built-in.a
  CC      drivers/acpi/acpica/psopcode.o
  CC      fs/notify/notification.o
  CC      fs/notify/group.o
  CC      drivers/acpi/acpica/psopinfo.o
  CC      net/ethtool/linkmodes.o
  CC      drivers/acpi/acpica/psparse.o
  CC      fs/eventpoll.o
  CC      fs/notify/mark.o
  CC      drivers/acpi/acpica/psscope.o
  CC      net/ethtool/rss.o
  CC      drivers/acpi/acpica/pstree.o
  CC      fs/notify/fdinfo.o
  CC      drivers/acpi/acpica/psutils.o
  CC      drivers/acpi/acpica/pswalk.o
  CC      net/ethtool/linkstate.o
  CC      fs/notify/dnotify/dnotify.o
  CC      ipc/compat.o
  CC      drivers/acpi/acpica/psxface.o
  AR      fs/notify/dnotify/built-in.a
  CC      fs/notify/inotify/inotify_fsnotify.o
  CC      drivers/acpi/acpica/rsaddr.o
  CC      ipc/util.o
  CC      net/ethtool/debug.o
  CC      fs/notify/inotify/inotify_user.o
  CC      drivers/acpi/acpica/rscalc.o
  CC      drivers/acpi/acpica/rscreate.o
  CC      ipc/msgutil.o
  CC      net/ethtool/wol.o
  CC      drivers/acpi/acpica/rsdumpinfo.o
  AR      fs/notify/inotify/built-in.a
  CC      fs/notify/fanotify/fanotify.o
  CC      drivers/acpi/acpica/rsinfo.o
  CC      ipc/msg.o
  CC      net/ethtool/features.o
  CC      drivers/acpi/acpica/rsio.o
  CC      fs/notify/fanotify/fanotify_user.o
  CC      drivers/acpi/acpica/rsirq.o
  CC      ipc/sem.o
  CC      drivers/acpi/acpica/rslist.o
/src/fs/notify/fanotify/fanotify_user.c:343:25: warning: format specifies type 'void *' but the argument has type 'const char * __capability' [-Wformat]
  342 |         pr_debug("%s: group=%p fd=%d response=%u buf=%p size=%zu\n", __func__,
      |                                                      ~~
      |                                                      %s
  343 |                  group, fd, response, info, info_len);
      |                                       ^~~~
/src/include/linux/printk.h:585:38: note: expanded from macro 'pr_debug'
  585 |         no_printk(KERN_DEBUG pr_fmt(fmt), ##__VA_ARGS__)
      |                                     ~~~     ^~~~~~~~~~~
/src/include/linux/printk.h:129:17: note: expanded from macro 'no_printk'
  129 |                 printk(fmt, ##__VA_ARGS__);             \
      |                        ~~~    ^~~~~~~~~~~
/src/include/linux/printk.h:455:60: note: expanded from macro 'printk'
  455 | #define printk(fmt, ...) printk_index_wrap(_printk, fmt, ##__VA_ARGS__)
      |                                                     ~~~    ^~~~~~~~~~~
/src/include/linux/printk.h:427:19: note: expanded from macro 'printk_index_wrap'
  427 |                 _p_func(_fmt, ##__VA_ARGS__);                           \
      |                         ~~~~    ^~~~~~~~~~~
/src/fs/notify/fanotify/fanotify_user.c:1004:9: warning: format specifies type 'void *' but the argument has type 'const char * __capability' [-Wformat]
 1003 |         pr_debug("%s: dfd=%d filename=%p flags=%x\n", __func__,
      |                                       ~~
      |                                       %s
 1004 |                  dfd, filename, flags);
      |                       ^~~~~~~~
/src/include/linux/printk.h:585:38: note: expanded from macro 'pr_debug'
  585 |         no_printk(KERN_DEBUG pr_fmt(fmt), ##__VA_ARGS__)
      |                                     ~~~     ^~~~~~~~~~~
/src/include/linux/printk.h:129:17: note: expanded from macro 'no_printk'
  129 |                 printk(fmt, ##__VA_ARGS__);             \
      |                        ~~~    ^~~~~~~~~~~
/src/include/linux/printk.h:455:60: note: expanded from macro 'printk'
  455 | #define printk(fmt, ...) printk_index_wrap(_printk, fmt, ##__VA_ARGS__)
      |                                                     ~~~    ^~~~~~~~~~~
/src/include/linux/printk.h:427:19: note: expanded from macro 'printk_index_wrap'
  427 |                 _p_func(_fmt, ##__VA_ARGS__);                           \
      |                         ~~~~    ^~~~~~~~~~~
  CC      net/ethtool/privflags.o
/src/fs/notify/fanotify/fanotify_user.c:1678:39: warning: format specifies type 'void *' but the argument has type 'const char * __capability' [-Wformat]
 1677 |         pr_debug("%s: fanotify_fd=%d flags=%x dfd=%d pathname=%p mask=%llx\n",
      |                                                               ~~
      |                                                               %s
 1678 |                  __func__, fanotify_fd, flags, dfd, pathname, mask);
      |                                                     ^~~~~~~~
/src/include/linux/printk.h:585:38: note: expanded from macro 'pr_debug'
  585 |         no_printk(KERN_DEBUG pr_fmt(fmt), ##__VA_ARGS__)
      |                                     ~~~     ^~~~~~~~~~~
/src/include/linux/printk.h:129:17: note: expanded from macro 'no_printk'
  129 |                 printk(fmt, ##__VA_ARGS__);             \
      |                        ~~~    ^~~~~~~~~~~
/src/include/linux/printk.h:455:60: note: expanded from macro 'printk'
  455 | #define printk(fmt, ...) printk_index_wrap(_printk, fmt, ##__VA_ARGS__)
      |                                                     ~~~    ^~~~~~~~~~~
/src/include/linux/printk.h:427:19: note: expanded from macro 'printk_index_wrap'
  427 |                 _p_func(_fmt, ##__VA_ARGS__);                           \
      |                         ~~~~    ^~~~~~~~~~~
  CC      drivers/acpi/acpica/rsmemory.o
3 warnings generated.
  AR      fs/notify/fanotify/built-in.a
  AR      fs/notify/built-in.a
  CC      fs/anon_inodes.o
  CC      drivers/acpi/acpica/rsmisc.o
  CC      net/ethtool/rings.o
  CC      ipc/shm.o
  CC      fs/signalfd.o
  CC      drivers/acpi/acpica/rsserial.o
  CC      drivers/acpi/acpica/rsutils.o
  CC      fs/timerfd.o
  CC      net/ethtool/channels.o
  CC      drivers/acpi/acpica/rsxface.o
  CC      ipc/syscall.o
  CC      drivers/acpi/acpica/tbdata.o
  CC      fs/eventfd.o
  CC      ipc/ipc_sysctl.o
  CC      drivers/acpi/acpica/tbfadt.o
  CC      net/ethtool/coalesce.o
  CC      ipc/mqueue.o
  CC      drivers/acpi/acpica/tbfind.o
  CC      fs/aio.o
  CC      drivers/acpi/acpica/tbinstal.o
  CC      net/ethtool/pause.o
  CC      drivers/acpi/acpica/tbprint.o
  CC      drivers/acpi/acpica/tbutils.o
  CC      ipc/namespace.o
  CC      net/ethtool/eee.o
  CC      drivers/acpi/acpica/tbxface.o
  CC      fs/locks.o
  CC      ipc/mq_sysctl.o
  CC      drivers/acpi/acpica/tbxfload.o
  CC      net/ethtool/tsinfo.o
  AR      ipc/built-in.a
  CC      net/netfilter/ipvs/ip_vs_conn.o
  CC      drivers/acpi/acpica/tbxfroot.o
  CC      drivers/acpi/acpica/utaddress.o
  CC      net/ethtool/cabletest.o
  CC      fs/binfmt_misc.o
  CC      drivers/acpi/acpica/utalloc.o
  CC      drivers/acpi/acpica/utascii.o
  CC      net/netfilter/ipvs/ip_vs_core.o
  CC      net/ethtool/tunnels.o
  CC      fs/binfmt_script.o
  CC      drivers/acpi/acpica/utbuffer.o
  CC      fs/binfmt_elf.o
  CC      drivers/acpi/acpica/utcksum.o
  CC      drivers/acpi/acpica/utcopy.o
  CC      net/ethtool/fec.o
  CC      drivers/acpi/acpica/utexcep.o
  CC      net/netfilter/ipvs/ip_vs_ctl.o
  CC      fs/compat_binfmt_elf.o
  CC      drivers/acpi/acpica/utdebug.o
  CC      net/ethtool/eeprom.o
  CC      drivers/acpi/acpica/utdecode.o
  CC      drivers/acpi/acpica/utdelete.o
  CC      fs/coredump.o
  CC      drivers/acpi/acpica/uterror.o
  CC      net/ethtool/stats.o
  CC      net/netfilter/ipvs/ip_vs_sched.o
  CC      drivers/acpi/acpica/uteval.o
  CC      drivers/acpi/acpica/utglobal.o
  CC      fs/drop_caches.o
  CC      net/ethtool/phc_vclocks.o
  CC      drivers/acpi/acpica/uthex.o
  CC      net/netfilter/ipvs/ip_vs_xmit.o
  CC      drivers/acpi/acpica/utids.o
  CC      fs/sysctls.o
  CC      fs/fhandle.o
  CC      net/ethtool/mm.o
  CC      drivers/acpi/acpica/utinit.o
  CC      drivers/acpi/acpica/utlock.o
  CC      fs/iomap/trace.o
  CC      net/netfilter/ipvs/ip_vs_app.o
  CC      drivers/acpi/acpica/utmath.o
  CC      net/ethtool/module.o
  CC      drivers/acpi/acpica/utmisc.o
  CC      drivers/acpi/acpica/utmutex.o
  CC      fs/iomap/iter.o
  CC      net/ethtool/pse-pd.o
  CC      net/netfilter/ipvs/ip_vs_sync.o
  CC      drivers/acpi/acpica/utnonansi.o
  CC      fs/iomap/buffered-io.o
  CC      drivers/acpi/acpica/utobject.o
  CC      net/ethtool/plca.o
  CC      drivers/acpi/acpica/utosi.o
  CC      drivers/acpi/acpica/utownerid.o
  CC      net/netfilter/ipvs/ip_vs_est.o
  AR      net/ethtool/built-in.a
  AR      drivers/soc/apple/built-in.a
  AR      drivers/soc/aspeed/built-in.a
  AR      drivers/soc/bcm/built-in.a
  AR      drivers/soc/fsl/built-in.a
  AR      drivers/soc/fujitsu/built-in.a
  AR      drivers/soc/hisilicon/built-in.a
  AR      drivers/soc/imx/built-in.a
  AR      drivers/soc/ixp4xx/built-in.a
  CC      drivers/acpi/acpica/utpredef.o
  AR      drivers/soc/loongson/built-in.a
  AR      drivers/soc/mediatek/built-in.a
  AR      drivers/soc/microchip/built-in.a
  AR      drivers/soc/nuvoton/built-in.a
  AR      drivers/soc/pxa/built-in.a
  AR      drivers/soc/amlogic/built-in.a
  AR      drivers/soc/qcom/built-in.a
  AR      drivers/soc/renesas/built-in.a
  AR      drivers/soc/rockchip/built-in.a
  AR      drivers/soc/sifive/built-in.a
  AR      drivers/soc/sunxi/built-in.a
  CC      fs/iomap/direct-io.o
  AR      drivers/soc/ti/built-in.a
  AR      drivers/soc/xilinx/built-in.a
  AR      drivers/soc/built-in.a
  CC      drivers/acpi/acpica/utresdecode.o
  CC      drivers/acpi/apei/apei-base.o
  CC      drivers/acpi/acpica/utresrc.o
  CC      drivers/acpi/acpica/utstate.o
  CC      fs/iomap/fiemap.o
  CC      net/netfilter/ipvs/ip_vs_proto.o
  CC      drivers/acpi/apei/hest.o
  CC      drivers/acpi/acpica/utstring.o
  CC      fs/iomap/seek.o
  CC      drivers/acpi/acpica/utstrsuppt.o
  CC      drivers/acpi/apei/erst.o
  CC      drivers/acpi/acpica/utstrtoul64.o
  CC      net/netfilter/ipvs/ip_vs_pe.o
  AR      fs/iomap/built-in.a
  CC      drivers/acpi/acpica/utxface.o
  CC      fs/proc/task_mmu.o
  CC      drivers/acpi/apei/bert.o
  CC      drivers/acpi/acpica/utxfinit.o
  CC      drivers/acpi/acpica/utxferror.o
  AR      net/netfilter/ipvs/built-in.a
  CC      drivers/acpi/apei/ghes.o
  CC      net/netfilter/core.o
  CC      drivers/acpi/acpica/utxfmutex.o
  CC      fs/proc/inode.o
  AR      drivers/acpi/acpica/built-in.a
  CC      drivers/acpi/apei/einj.o
  CC      kernel/fork.o
  CC      net/netfilter/nf_log.o
  CC      fs/proc/root.o
  AR      drivers/acpi/apei/built-in.a
  AR      drivers/acpi/pmic/built-in.a
  CC      drivers/acpi/dptf/int340x_thermal.o
  CC      fs/proc/base.o
  CC      net/netfilter/nf_queue.o
  AR      drivers/acpi/dptf/built-in.a
  CC      drivers/acpi/arm64/iort.o
  CC      kernel/exec_domain.o
  CC      kernel/panic.o
  CC      fs/proc/generic.o
  CC      drivers/acpi/arm64/gtdt.o
  CC      net/netfilter/nf_sockopt.o
  CC      kernel/cpu.o
  CC      drivers/acpi/arm64/apmt.o
  CC      fs/proc/array.o
  CC      net/netfilter/utils.o
  CC      drivers/acpi/arm64/amba.o
  CC      fs/proc/fd.o
  CC      net/netfilter/nf_bpf_link.o
  CC      drivers/acpi/arm64/dma.o
  CC      kernel/exit.o
  CC      fs/proc/proc_tty.o
  CC      fs/proc/cmdline.o
  CC      drivers/acpi/arm64/init.o
  CC      net/netfilter/nf_conntrack_core.o
  CC      fs/proc/consoles.o
  AR      drivers/acpi/arm64/built-in.a
  CC      drivers/acpi/tables.o
  CC      kernel/softirq.o
  CC      fs/proc/cpuinfo.o
  CC      drivers/acpi/osi.o
  CC      fs/proc/devices.o
  CC      kernel/resource.o
  CC      drivers/acpi/osl.o
  CC      net/netfilter/nf_conntrack_standalone.o
  CC      fs/proc/interrupts.o
  CC      kernel/sysctl.o
  CC      drivers/acpi/utils.o
  CC      fs/proc/loadavg.o
  CC      net/netfilter/nf_conntrack_expect.o
  CC      fs/proc/meminfo.o
  CC      drivers/acpi/reboot.o
  CC      kernel/capability.o
  CC      fs/proc/stat.o
  CC      net/netfilter/nf_conntrack_helper.o
  CC      drivers/acpi/nvs.o
  CC      fs/proc/uptime.o
  CC      kernel/ptrace.o
  CC      drivers/acpi/wakeup.o
  CC      fs/proc/util.o
  CC      net/netfilter/nf_conntrack_proto.o
  CC      drivers/acpi/device_sysfs.o
  CC      fs/proc/version.o
  CC      kernel/user.o
  CC      fs/proc/softirqs.o
  CC      drivers/acpi/device_pm.o
  CC      kernel/signal.o
  CC      fs/proc/namespaces.o
  CC      net/netfilter/nf_conntrack_proto_generic.o
  CC      drivers/acpi/bus.o
  CC      fs/proc/self.o
  CC      net/netfilter/nf_conntrack_proto_tcp.o
  CC      fs/proc/thread_self.o
  CC      drivers/acpi/glue.o
  CC      kernel/sys.o
  CC      fs/proc/proc_sysctl.o
  CC      drivers/acpi/scan.o
  CC      net/netfilter/nf_conntrack_proto_udp.o
  CC      kernel/umh.o
  CC      drivers/acpi/resource.o
  CC      fs/proc/proc_net.o
  CC      net/netfilter/nf_conntrack_proto_icmp.o
  CC      drivers/acpi/acpi_processor.o
  CC      kernel/workqueue.o
  CC      fs/proc/kcore.o
  CC      net/netfilter/nf_conntrack_extend.o
  CC      drivers/acpi/processor_core.o
  CC      fs/proc/vmcore.o
  CC      drivers/acpi/ec.o
  CC      net/netfilter/nf_conntrack_acct.o
  CC      fs/proc/kmsg.o
  CC      kernel/pid.o
  CC      fs/proc/page.o
  CC      drivers/acpi/pci_root.o
  CC      net/netfilter/nf_conntrack_seqadj.o
  AR      fs/proc/built-in.a
  CC      fs/kernfs/mount.o
  CC      kernel/task_work.o
  CC      drivers/acpi/pci_link.o
  CC      fs/kernfs/inode.o
  CC      net/netfilter/nf_conntrack_proto_icmpv6.o
  CC      kernel/extable.o
  CC      drivers/acpi/pci_irq.o
  CC      fs/kernfs/dir.o
  CC      kernel/params.o
  CC      drivers/acpi/acpi_lpss.o
  CC      net/netfilter/nf_conntrack_proto_dccp.o
  CC      fs/kernfs/file.o
  CC      kernel/kthread.o
  CC      drivers/acpi/acpi_apd.o
  CC      net/netfilter/nf_conntrack_proto_sctp.o
  CC      fs/kernfs/symlink.o
  CC      drivers/acpi/acpi_platform.o
  CC      kernel/sys_ni.o
  AR      fs/kernfs/built-in.a
  CC      fs/sysfs/file.o
  CC      kernel/nsproxy.o
  CC      drivers/acpi/acpi_pnp.o
  CC      net/netfilter/nf_conntrack_bpf.o
  CC      fs/sysfs/dir.o
  CC      drivers/acpi/power.o
  CC      kernel/notifier.o
  CC      fs/sysfs/symlink.o
  CC      net/netfilter/nf_nat_core.o
  CC      fs/sysfs/mount.o
  CC      drivers/acpi/event.o
  CC      kernel/ksysfs.o
  CC      fs/sysfs/group.o
  CC      kernel/cred.o
  CC      drivers/acpi/evged.o
  CC      net/netfilter/nf_nat_proto.o
  AR      fs/sysfs/built-in.a
  CC      fs/configfs/inode.o
  CC      drivers/acpi/sysfs.o
  CC      kernel/reboot.o
  CC      fs/configfs/file.o
  CC      drivers/acpi/property.o
  CC      kernel/async.o
  CC      net/netfilter/nf_nat_helper.o
  CC      fs/configfs/dir.o
  CC      kernel/smpboot.o
  CC      drivers/acpi/debugfs.o
  CC      fs/configfs/symlink.o
  CC      kernel/ucount.o
  CC      drivers/acpi/acpi_lpat.o
  CC      net/netfilter/nf_nat_masquerade.o
  CC      fs/configfs/mount.o
  CC      kernel/regset.o
  CC      drivers/acpi/irq.o
  CC      kernel/ksyms_common.o
  CC      fs/configfs/item.o
  CC      drivers/acpi/prmt.o
  CC      net/netfilter/nf_nat_bpf.o
  CC      kernel/groups.o
  AR      fs/configfs/built-in.a
  CC      fs/devpts/inode.o
  CC      drivers/acpi/pci_mcfg.o
  AR      fs/devpts/built-in.a
  CC      fs/ramfs/inode.o
  CC      kernel/sched/core.o
  CC      net/netfilter/x_tables.o
  CC      drivers/acpi/ac.o
  CC      fs/ramfs/file-mmu.o
  CC      drivers/acpi/button.o
  AR      fs/ramfs/built-in.a
  CC      fs/hugetlbfs/inode.o
  CC      net/netfilter/xt_tcpudp.o
  CC      drivers/acpi/fan_core.o
  AR      fs/hugetlbfs/built-in.a
  CC      fs/exportfs/expfs.o
  CC      drivers/acpi/fan_attr.o
  CC      net/netfilter/xt_mark.o
  AR      fs/exportfs/built-in.a
  CC      fs/nls/nls_base.o
  CC      drivers/acpi/processor_driver.o
  CC      fs/nls/nls_cp437.o
  CC      net/netfilter/xt_nat.o
  CC      drivers/acpi/processor_thermal.o
  CC      kernel/sched/fair.o
  CC      fs/nls/nls_iso8859-1.o
  AR      fs/nls/built-in.a
  CC      drivers/acpi/processor_idle.o
  CC      fs/debugfs/inode.o
  CC      net/netfilter/xt_MASQUERADE.o
  CC      fs/debugfs/file.o
  CC      drivers/acpi/processor_perflib.o
  CC      net/netfilter/xt_addrtype.o
  CC      drivers/acpi/container.o
  AR      fs/debugfs/built-in.a
  CC      fs/tracefs/inode.o
  CC      drivers/acpi/thermal.o
  CC      net/netfilter/xt_conntrack.o
  CC      fs/tracefs/event_inode.o
  CC      drivers/acpi/acpi_memhotplug.o
  CC      kernel/sched/build_policy.o
  AR      fs/tracefs/built-in.a
  CC      fs/pstore/inode.o
  CC      net/netfilter/xt_ipvs.o
  CC      drivers/acpi/battery.o
  CC      fs/pstore/platform.o
  AR      net/netfilter/built-in.a
  CC      net/ipv4/netfilter/nf_defrag_ipv4.o
  AR      fs/pstore/built-in.a
  CC      fs/efivarfs/inode.o
  CC      drivers/acpi/hed.o
  CC      fs/efivarfs/file.o
  CC      drivers/acpi/spcr.o
  CC      net/ipv4/netfilter/ip_tables.o
  CC      kernel/sched/build_utility.o
  CC      fs/efivarfs/super.o
  CC      drivers/acpi/pptt.o
  CC      fs/efivarfs/vars.o
  AR      drivers/acpi/built-in.a
  AR      drivers/pmdomain/actions/built-in.a
  AR      drivers/pmdomain/amlogic/built-in.a
  AR      drivers/pmdomain/apple/built-in.a
  CC      drivers/pmdomain/arm/scmi_perf_domain.o
  CC      net/ipv4/netfilter/iptable_filter.o
  AR      fs/efivarfs/built-in.a
  AR      fs/built-in.a
  CC      kernel/locking/mutex.o
  CC      drivers/pmdomain/arm/scmi_pm_domain.o
  CC      net/ipv4/netfilter/iptable_nat.o
  AR      drivers/pmdomain/arm/built-in.a
  AR      drivers/pmdomain/bcm/built-in.a
  AR      drivers/pmdomain/imx/built-in.a
  AR      drivers/pmdomain/mediatek/built-in.a
  AR      drivers/pmdomain/qcom/built-in.a
  AR      drivers/pmdomain/renesas/built-in.a
  AR      drivers/pmdomain/rockchip/built-in.a
  AR      drivers/pmdomain/samsung/built-in.a
  AR      drivers/pmdomain/st/built-in.a
  AR      drivers/pmdomain/starfive/built-in.a
  AR      drivers/pmdomain/sunxi/built-in.a
  AR      drivers/pmdomain/tegra/built-in.a
  AR      drivers/pmdomain/ti/built-in.a
  AR      drivers/pmdomain/xilinx/built-in.a
  AR      drivers/pmdomain/built-in.a
  CC      drivers/virtio/virtio.o
  CC      kernel/locking/semaphore.o
  AR      kernel/sched/built-in.a
  CC      kernel/locking/rwsem.o
  AR      net/ipv4/netfilter/built-in.a
  CC      drivers/virtio/virtio_ring.o
  CC      net/ipv4/route.o
  CC      net/ipv4/inetpeer.o
  CC      kernel/locking/percpu-rwsem.o
  CC      kernel/locking/spinlock.o
  CC      drivers/virtio/virtio_anchor.o
  CC      net/ipv4/protocol.o
  CC      kernel/locking/osq_lock.o
  CC      drivers/virtio/virtio_mmio.o
  CC      kernel/locking/qspinlock.o
  CC      net/ipv4/ip_input.o
  CC      mm/filemap.o
  AR      drivers/virtio/built-in.a
  CC      drivers/regulator/core.o
  CC      kernel/locking/rtmutex_api.o
  CC      net/ipv4/ip_fragment.o
  CC      kernel/locking/qrwlock.o
  AR      kernel/locking/built-in.a
  CC      kernel/power/qos.o
  CC      mm/mempool.o
  CC      net/ipv4/ip_forward.o
  CC      drivers/regulator/dummy.o
  CC      kernel/power/main.o
  CC      mm/oom_kill.o
  CC      drivers/regulator/fixed-helper.o
  CC      net/ipv4/ip_options.o
  CC      kernel/power/console.o
  CC      drivers/regulator/helpers.o
  CC      mm/fadvise.o
  CC      kernel/power/process.o
  CC      net/ipv4/ip_output.o
  CC      drivers/regulator/devres.o
  CC      mm/maccess.o
  CC      kernel/power/suspend.o
  CC      drivers/regulator/irq_helpers.o
  CC      mm/page-writeback.o
  CC      kernel/power/poweroff.o
  CC      drivers/regulator/of_regulator.o
  CC      kernel/power/energy_model.o
  CC      net/ipv4/ip_sockglue.o
  AR      kernel/power/built-in.a
  CC      drivers/regulator/fixed.o
  CC      kernel/printk/printk.o
  CC      mm/folio-compat.o
  AR      drivers/regulator/built-in.a
  CC      drivers/tty/vt/vt_ioctl.o
  CC      net/ipv4/inet_hashtables.o
  CC      mm/readahead.o
  CC      kernel/printk/printk_safe.o
  CC      drivers/tty/vt/vc_screen.o
  CC      mm/swap.o
  CC      kernel/printk/nbcon.o
  CC      drivers/tty/vt/selection.o
  CC      kernel/printk/printk_ringbuffer.o
  CC      net/ipv4/inet_timewait_sock.o
  CC      kernel/printk/sysctl.o
  CC      mm/truncate.o
  CC      drivers/tty/vt/keyboard.o
  AR      kernel/printk/built-in.a
  CC      kernel/irq/irqdesc.o
  CC      net/ipv4/inet_connection_sock.o
  CC      mm/vmscan.o
  CC      kernel/irq/handle.o
  CC      drivers/tty/vt/consolemap.o
  CC      kernel/irq/manage.o
  HOSTCC  drivers/tty/vt/conmakehash
  CC      drivers/tty/vt/vt.o
  CC      net/ipv4/tcp.o
  CC      kernel/irq/spurious.o
  CC      mm/shrinker.o
  CC      kernel/irq/resend.o
  COPY    drivers/tty/vt/defkeymap.c
  CONMK   drivers/tty/vt/consolemap_deftbl.c
  CC      drivers/tty/vt/defkeymap.o
  CC      kernel/irq/chip.o
  CC      drivers/tty/vt/consolemap_deftbl.o
  AR      drivers/tty/vt/built-in.a
  AR      drivers/tty/serial/8250/built-in.a
  CC      drivers/tty/serial/serial_core.o
  CC      mm/shmem.o
  CC      net/ipv4/tcp_input.o
  CC      kernel/irq/dummychip.o
  CC      kernel/irq/devres.o
  CC      drivers/tty/serial/serial_base_bus.o
  CC      mm/util.o
  CC      kernel/irq/autoprobe.o
  CC      drivers/tty/serial/serial_ctrl.o
  CC      kernel/irq/irqdomain.o
  CC      drivers/tty/serial/serial_port.o
  CC      mm/mmzone.o
  CC      mm/vmstat.o
  CC      drivers/tty/serial/earlycon.o
  CC      kernel/irq/proc.o
  CC      net/ipv4/tcp_output.o
  CC      drivers/tty/serial/amba-pl011.o
  CC      kernel/irq/cpuhotplug.o
  CC      mm/backing-dev.o
  CC      kernel/irq/pm.o
  AR      drivers/tty/serial/built-in.a
  AR      drivers/tty/ipwireless/built-in.a
  CC      drivers/tty/tty_io.o
  CC      kernel/irq/msi.o
  CC      mm/mm_init.o
  CC      net/ipv4/tcp_timer.o
  CC      kernel/irq/ipi.o
  CC      drivers/tty/n_tty.o
  CC      mm/percpu.o
  CC      kernel/irq/affinity.o
  AR      kernel/irq/built-in.a
  CC      kernel/rcu/update.o
  CC      net/ipv4/tcp_ipv4.o
  CC      drivers/tty/tty_ioctl.o
  CC      drivers/tty/tty_ldisc.o
  CC      mm/slab_common.o
  CC      drivers/tty/tty_buffer.o
  CC      kernel/rcu/sync.o
  CC      kernel/rcu/srcutree.o
  CC      net/ipv4/tcp_minisocks.o
  CC      drivers/tty/tty_port.o
  CC      mm/compaction.o
  CC      kernel/rcu/tree.o
  CC      drivers/tty/tty_mutex.o
  CC      net/ipv4/tcp_cong.o
  CC      drivers/tty/tty_ldsem.o
  CC      drivers/tty/tty_baudrate.o
  CC      net/ipv4/tcp_metrics.o
  CC      mm/show_mem.o
  CC      drivers/tty/tty_jobctrl.o
  CC      drivers/tty/n_null.o
  CC      kernel/rcu/rcu_segcblist.o
  CC      mm/shmem_quota.o
  CC      net/ipv4/tcp_fastopen.o
  CC      drivers/tty/pty.o
  AR      kernel/rcu/built-in.a
  CC      kernel/dma/mapping.o
  CC      mm/interval_tree.o
  CC      drivers/tty/tty_audit.o
  CC      mm/list_lru.o
  CC      kernel/dma/direct.o
  CC      net/ipv4/tcp_rate.o
  CC      drivers/tty/sysrq.o
  CC      kernel/dma/ops_helpers.o
  CC      mm/workingset.o
  AR      drivers/tty/built-in.a
  CC      drivers/char/hw_random/core.o
  CC      net/ipv4/tcp_recovery.o
  CC      kernel/dma/dummy.o
  CC      mm/debug.o
  CC      drivers/char/hw_random/virtio-rng.o
  CC      kernel/dma/coherent.o
  CC      mm/gup.o
  CC      net/ipv4/tcp_ulp.o
  CC      drivers/char/hw_random/arm_smccc_trng.o
  CC      kernel/dma/swiotlb.o
  CC      drivers/char/hw_random/cn10k-rng.o
  CC      net/ipv4/tcp_offload.o
  CC      kernel/dma/pool.o
  AR      drivers/char/hw_random/built-in.a
  AR      drivers/char/agp/built-in.a
  CC      drivers/char/mem.o
  CC      mm/mmap_lock.o
  CC      kernel/dma/remap.o
  CC      drivers/char/random.o
  CC      net/ipv4/tcp_plb.o
  AR      kernel/dma/built-in.a
  CC      kernel/module/main.o
  CC      mm/highmem.o
/src/kernel/module/main.c:3051:9: warning: format specifies type 'void *' but the argument has type 'void * __capability' [-Wformat]
 3050 |         pr_debug("init_module: umod=%p, len=%lu, uargs=%p\n",
      |                                     ~~
 3051 |                umod, len, uargs);
      |                ^~~~
/src/include/linux/printk.h:585:38: note: expanded from macro 'pr_debug'
  585 |         no_printk(KERN_DEBUG pr_fmt(fmt), ##__VA_ARGS__)
      |                                     ~~~     ^~~~~~~~~~~
/src/include/linux/printk.h:129:17: note: expanded from macro 'no_printk'
  129 |                 printk(fmt, ##__VA_ARGS__);             \
      |                        ~~~    ^~~~~~~~~~~
/src/include/linux/printk.h:455:60: note: expanded from macro 'printk'
  455 | #define printk(fmt, ...) printk_index_wrap(_printk, fmt, ##__VA_ARGS__)
      |                                                     ~~~    ^~~~~~~~~~~
/src/include/linux/printk.h:427:19: note: expanded from macro 'printk_index_wrap'
  427 |                 _p_func(_fmt, ##__VA_ARGS__);                           \
      |                         ~~~~    ^~~~~~~~~~~
/src/kernel/module/main.c:3051:20: warning: format specifies type 'void *' but the argument has type 'const char * __capability' [-Wformat]
 3050 |         pr_debug("init_module: umod=%p, len=%lu, uargs=%p\n",
      |                                                        ~~
      |                                                        %s
 3051 |                umod, len, uargs);
      |                           ^~~~~
/src/include/linux/printk.h:585:38: note: expanded from macro 'pr_debug'
  585 |         no_printk(KERN_DEBUG pr_fmt(fmt), ##__VA_ARGS__)
      |                                     ~~~     ^~~~~~~~~~~
/src/include/linux/printk.h:129:17: note: expanded from macro 'no_printk'
  129 |                 printk(fmt, ##__VA_ARGS__);             \
      |                        ~~~    ^~~~~~~~~~~
/src/include/linux/printk.h:455:60: note: expanded from macro 'printk'
  455 | #define printk(fmt, ...) printk_index_wrap(_printk, fmt, ##__VA_ARGS__)
      |                                                     ~~~    ^~~~~~~~~~~
/src/include/linux/printk.h:427:19: note: expanded from macro 'printk_index_wrap'
  427 |                 _p_func(_fmt, ##__VA_ARGS__);                           \
      |                         ~~~~    ^~~~~~~~~~~
/src/kernel/module/main.c:3180:60: warning: format specifies type 'void *' but the argument has type 'const char * __capability' [-Wformat]
 3180 |         pr_debug("finit_module: fd=%d, uargs=%p, flags=%i\n", fd, uargs, flags);
      |                                              ~~                   ^~~~~
      |                                              %s
/src/include/linux/printk.h:585:38: note: expanded from macro 'pr_debug'
  585 |         no_printk(KERN_DEBUG pr_fmt(fmt), ##__VA_ARGS__)
      |                                     ~~~     ^~~~~~~~~~~
/src/include/linux/printk.h:129:17: note: expanded from macro 'no_printk'
  129 |                 printk(fmt, ##__VA_ARGS__);             \
      |                        ~~~    ^~~~~~~~~~~
/src/include/linux/printk.h:455:60: note: expanded from macro 'printk'
  455 | #define printk(fmt, ...) printk_index_wrap(_printk, fmt, ##__VA_ARGS__)
      |                                                     ~~~    ^~~~~~~~~~~
/src/include/linux/printk.h:427:19: note: expanded from macro 'printk_index_wrap'
  427 |                 _p_func(_fmt, ##__VA_ARGS__);                           \
      |                         ~~~~    ^~~~~~~~~~~
  CC      mm/memory.o
  CC      drivers/char/misc.o
  CC      net/ipv4/datagram.o
  AR      drivers/char/built-in.a
  AR      drivers/iommu/amd/built-in.a
  AR      drivers/iommu/intel/built-in.a
  AR      drivers/iommu/arm/arm-smmu/built-in.a
  CC      drivers/iommu/arm/arm-smmu-v3/arm-smmu-v3.o
3 warnings generated.
  CC      kernel/module/strict_rwx.o
  CC      net/ipv4/raw.o
  CC      kernel/module/kmod.o
  CC      kernel/module/tree_lookup.o
  AR      drivers/iommu/arm/arm-smmu-v3/built-in.a
  AR      drivers/iommu/arm/built-in.a
  AR      drivers/iommu/iommufd/built-in.a
  CC      drivers/iommu/iommu.o
  CC      net/ipv4/udp.o
  CC      kernel/module/kallsyms.o
  CC      mm/mincore.o
  CC      kernel/module/procfs.o
  CC      mm/mlock.o
  CC      kernel/module/sysfs.o
  CC      drivers/iommu/iommu-traces.o
  AR      kernel/module/built-in.a
  CC      kernel/freezer.o
  CC      drivers/iommu/iommu-sysfs.o
  CC      mm/mmap.o
  CC      net/ipv4/udplite.o
  CC      drivers/iommu/dma-iommu.o
  CC      kernel/profile.o
  CC      net/ipv4/udp_offload.o
  CC      kernel/stacktrace.o
  CC      drivers/iommu/io-pgtable.o
  CC      mm/mmu_gather.o
  CC      kernel/time/time.o
  CC      drivers/iommu/io-pgtable-arm.o
  CC      net/ipv4/arp.o
  CC      mm/mprotect.o
  CC      kernel/time/timer.o
  CC      drivers/iommu/iova.o
  CC      mm/mremap.o
  CC      drivers/iommu/of_iommu.o
  CC      net/ipv4/icmp.o
  CC      kernel/time/hrtimer.o
  AR      drivers/iommu/built-in.a
  AR      drivers/gpu/host1x/built-in.a
  AR      drivers/gpu/drm/tests/built-in.a
  AR      drivers/gpu/drm/arm/built-in.a
  AR      drivers/gpu/drm/display/built-in.a
  AR      drivers/gpu/drm/renesas/rcar-du/built-in.a
  AR      drivers/gpu/drm/renesas/built-in.a
  AR      drivers/gpu/drm/omapdrm/built-in.a
  AR      drivers/gpu/drm/tilcdc/built-in.a
  AR      drivers/gpu/drm/imx/built-in.a
  AR      drivers/gpu/drm/i2c/built-in.a
  AR      drivers/gpu/drm/panel/built-in.a
  AR      drivers/gpu/drm/bridge/analogix/built-in.a
  AR      drivers/gpu/drm/bridge/cadence/built-in.a
  AR      drivers/gpu/drm/bridge/imx/built-in.a
  AR      drivers/gpu/drm/bridge/synopsys/built-in.a
  AR      drivers/gpu/drm/bridge/built-in.a
  AR      drivers/gpu/drm/hisilicon/built-in.a
  AR      drivers/gpu/drm/mxsfb/built-in.a
  AR      drivers/gpu/drm/tiny/built-in.a
  CC      mm/msync.o
  AR      drivers/gpu/drm/xlnx/built-in.a
  AR      drivers/gpu/drm/gud/built-in.a
  AR      drivers/gpu/drm/solomon/built-in.a
  AR      drivers/gpu/drm/built-in.a
  AR      drivers/gpu/vga/built-in.a
  AR      drivers/gpu/built-in.a
  CC      drivers/base/power/sysfs.o
  CC      kernel/time/timekeeping.o
  CC      net/ipv4/devinet.o
  CC      mm/page_vma_mapped.o
  CC      drivers/base/power/generic_ops.o
  CC      drivers/base/power/common.o
  CC      mm/pagewalk.o
  CC      kernel/time/ntp.o
  CC      drivers/base/power/qos.o
  CC      kernel/time/clocksource.o
  CC      net/ipv4/af_inet.o
  CC      mm/pgtable-generic.o
  CC      drivers/base/power/runtime.o
  CC      kernel/time/jiffies.o
  CC      mm/rmap.o
  CC      kernel/time/timer_list.o
  CC      drivers/base/power/wakeirq.o
  CC      net/ipv4/igmp.o
  CC      kernel/time/timeconv.o
  CC      drivers/base/power/main.o
  CC      kernel/time/alarmtimer.o
  CC      mm/vmalloc.o
  CC      drivers/base/power/wakeup.o
  CC      kernel/time/posix-timers.o
  CC      net/ipv4/fib_frontend.o
  CC      drivers/base/power/wakeup_stats.o
  CC      kernel/time/posix-cpu-timers.o
  CC      net/ipv4/fib_semantics.o
  CC      mm/reserv.o
  CC      drivers/base/power/domain.o
  CC      kernel/time/posix-clock.o
  CC      mm/process_vm_access.o
  CC      kernel/time/itimer.o
  CC      drivers/base/power/domain_governor.o
  CC      mm/page_alloc.o
  CC      net/ipv4/fib_trie.o
  CC      kernel/time/clockevents.o
  CC      drivers/base/power/clock_ops.o
  CC      kernel/time/tick-common.o
  AR      drivers/base/power/built-in.a
  CC      drivers/base/firmware_loader/builtin/main.o
  AR      drivers/base/firmware_loader/builtin/built-in.a
  CC      drivers/base/firmware_loader/main.o
  CC      kernel/time/tick-broadcast.o
  CC      net/ipv4/fib_notifier.o
  AR      drivers/base/firmware_loader/built-in.a
  CC      drivers/base/regmap/regmap.o
  CC      kernel/time/tick-broadcast-hrtimer.o
  CC      mm/init-mm.o
  CC      net/ipv4/inet_fragment.o
  CC      kernel/time/sched_clock.o
  CC      mm/memblock.o
  CC      kernel/time/tick-oneshot.o
  CC      drivers/base/regmap/regcache.o
  CC      kernel/time/tick-sched.o
  CC      net/ipv4/ping.o
  CC      mm/madvise.o
  CC      drivers/base/regmap/regcache-rbtree.o
  CC      kernel/time/vsyscall.o
  CC      kernel/time/timekeeping_debug.o
  CC      drivers/base/regmap/regcache-flat.o
  CC      net/ipv4/ip_tunnel_core.o
  CC      mm/dmapool.o
  CC      drivers/base/regmap/regcache-maple.o
  CC      kernel/time/namespace.o
  CC      mm/hugetlb.o
  CC      drivers/base/regmap/regmap-debugfs.o
  CC      net/ipv4/gre_offload.o
  AR      kernel/time/built-in.a
  CC      kernel/futex/core.o
  CC      drivers/base/regmap/regmap-mmio.o
  CC      kernel/futex/syscalls.o
  CC      net/ipv4/metrics.o
  AR      drivers/base/regmap/built-in.a
  AR      drivers/base/test/built-in.a
  CC      drivers/base/component.o
  CC      drivers/base/core.o
  CC      kernel/futex/pi.o
  CC      net/ipv4/netlink.o
  CC      mm/mempolicy.o
  CC      kernel/futex/requeue.o
  CC      kernel/futex/waitwake.o
  CC      net/ipv4/nexthop.o
  CC      drivers/base/bus.o
  AR      kernel/futex/built-in.a
  CC      kernel/smp.o
  CC      mm/sparse.o
  CC      drivers/base/dd.o
  CC      kernel/uid16.o
  CC      mm/sparse-vmemmap.o
  CC      drivers/base/syscore.o
  CC      net/ipv4/udp_tunnel_stub.o
  CC      mm/slub.o
  CC      kernel/kallsyms.o
  CC      drivers/base/driver.o
  CC      net/ipv4/ip_tunnel.o
  CC      drivers/base/class.o
  CC      kernel/acct.o
  CC      kernel/crash_core.o
  CC      drivers/base/platform.o
  CC      net/ipv4/sysctl_net_ipv4.o
  CC      mm/memtest.o
  CC      kernel/kexec_core.o
  CC      drivers/base/cpu.o
  CC      mm/migrate.o
  CC      net/ipv4/proc.o
  CC      drivers/base/firmware.o
  CC      kernel/kexec.o
  CC      drivers/base/init.o
  CC      kernel/compat.o
  CC      mm/memory-tiers.o
  CC      drivers/base/map.o
  CC      net/ipv4/tunnel4.o
  CC      drivers/base/devres.o
  CC      kernel/cgroup/cgroup.o
  CC      mm/huge_memory.o
  CC      net/ipv4/ipconfig.o
  CC      drivers/base/attribute_container.o
  CC      drivers/base/transport_class.o
  CC      drivers/base/topology.o
  CC      net/ipv4/netfilter.o
  CC      mm/khugepaged.o
  CC      drivers/base/container.o
  CC      drivers/base/property.o
  CC      kernel/cgroup/rstat.o
  CC      net/ipv4/inet_diag.o
  CC      kernel/cgroup/namespace.o
  CC      drivers/base/cacheinfo.o
  CC      mm/page_counter.o
  CC      mm/memcontrol.o
  CC      kernel/cgroup/cgroup-v1.o
  CC      net/ipv4/tcp_diag.o
  CC      drivers/base/swnode.o
  CC      kernel/cgroup/freezer.o
  CC      net/ipv4/tcp_cubic.o
  CC      drivers/base/devtmpfs.o
  CC      kernel/cgroup/legacy_freezer.o
  CC      drivers/base/node.o
  CC      net/ipv4/tcp_bpf.o
  CC      kernel/cgroup/pids.o
  CC      drivers/base/module.o
  CC      kernel/cgroup/cpuset.o
  CC      mm/vmpressure.o
  CC      drivers/base/soc.o
  CC      net/ipv4/udp_bpf.o
  CC      mm/hugetlb_cgroup.o
  CC      drivers/base/platform-msi.o
  CC      drivers/base/arch_topology.o
  AR      kernel/cgroup/built-in.a
  CC      mm/memory-failure.o
  CC      kernel/utsname.o
  CC      net/ipv4/bpf_tcp_ca.o
  CC      kernel/user_namespace.o
  CC      drivers/base/arch_numa.o
  AR      net/ipv4/built-in.a
  CC      net/unix/af_unix.o
  CC      drivers/base/physical_location.o
  CC      kernel/pid_namespace.o
  CC      mm/page_isolation.o
  CC      drivers/base/trace.o
  CC      kernel/stop_machine.o
  CC      mm/early_ioremap.o
  AR      drivers/base/built-in.a
  CC      drivers/block/loop.o
  CC      kernel/audit.o
  CC      mm/cma.o
  CC      net/unix/garbage.o
  CC      drivers/block/virtio_blk.o
  CC      net/unix/sysctl_net_unix.o
  CC      kernel/auditfilter.o
  CC      mm/secretmem.o
  CC      net/unix/unix_bpf.o
  AR      drivers/block/built-in.a
  AR      drivers/misc/eeprom/built-in.a
  AR      drivers/misc/cb710/built-in.a
  AR      drivers/misc/ti-st/built-in.a
  CC      mm/memfd.o
  AR      drivers/misc/lis3lv02d/built-in.a
  AR      drivers/misc/cardreader/built-in.a
  AR      drivers/misc/built-in.a
  CC      drivers/mfd/mfd-core.o
  CC      kernel/auditsc.o
  CC      mm/ioremap.o
  CC      drivers/mfd/syscon.o
  CC      net/unix/scm.o
  AR      mm/built-in.a
  CC      security/keys/gc.o
  CC      drivers/mfd/vexpress-sysreg.o
  CC      kernel/audit_watch.o
  AR      net/unix/built-in.a
  CC      net/ipv6/netfilter/nf_defrag_ipv6_hooks.o
  AR      drivers/mfd/built-in.a
  AR      drivers/nfc/built-in.a
  AR      drivers/dax/hmem/built-in.a
  AR      drivers/dax/built-in.a
  CC      security/keys/key.o
  CC      drivers/dma-buf/dma-buf.o
  CC      kernel/audit_fsnotify.o
  CC      security/keys/keyring.o
  CC      drivers/dma-buf/dma-fence.o
  CC      net/ipv6/netfilter/nf_conntrack_reasm.o
  CC      kernel/audit_tree.o
  CC      drivers/dma-buf/dma-fence-array.o
  CC      security/keys/keyctl.o
  CC      drivers/dma-buf/dma-fence-chain.o
  CC      kernel/seccomp.o
  AR      net/ipv6/netfilter/built-in.a
  CC      net/ipv6/af_inet6.o
  CC      drivers/dma-buf/dma-fence-unwrap.o
  CC      security/keys/permission.o
  CC      drivers/dma-buf/dma-resv.o
  CC      security/keys/process_keys.o
  CC      kernel/utsname_sysctl.o
  CC      net/ipv6/anycast.o
  CC      kernel/delayacct.o
  CC      drivers/dma-buf/sync_file.o
  CC      security/keys/request_key.o
  CC      kernel/taskstats.o
  AR      drivers/dma-buf/built-in.a
  AR      drivers/cxl/core/built-in.a
  AR      drivers/cxl/built-in.a
  AR      drivers/macintosh/built-in.a
  AR      drivers/scsi/built-in.a
  AR      drivers/nvme/common/built-in.a
  AR      drivers/nvme/host/built-in.a
  AR      drivers/nvme/target/built-in.a
  AR      drivers/nvme/built-in.a
  AR      drivers/net/phy/built-in.a
  AR      drivers/net/pse-pd/built-in.a
  AR      drivers/net/mdio/built-in.a
  AR      drivers/net/pcs/built-in.a
  CC      drivers/net/loopback.o
  CC      net/ipv6/ip6_output.o
  CC      security/keys/request_key_auth.o
  CC      kernel/tsacct.o
  CC      security/keys/user_defined.o
  AR      drivers/net/built-in.a
  AR      drivers/firewire/built-in.a
  AR      drivers/cdrom/built-in.a
  AR      drivers/auxdisplay/built-in.a
  AR      drivers/usb/built-in.a
  CC      drivers/input/serio/serio.o
  CC      kernel/tracepoint.o
  CC      security/keys/compat.o
  CC      kernel/trace/trace_clock.o
  CC      drivers/input/serio/libps2.o
  CC      security/keys/proc.o
  CC      net/ipv6/ip6_input.o
  CC      kernel/trace/ring_buffer.o
  AR      drivers/input/serio/built-in.a
  CC      drivers/input/keyboard/atkbd.o
  CC      security/keys/sysctl.o
  AR      security/keys/built-in.a
  CC      security/commoncap.o
  AR      drivers/input/keyboard/built-in.a
  CC      drivers/input/mouse/psmouse-base.o
  CC      net/ipv6/addrconf.o
  CC      kernel/trace/trace.o
  CC      drivers/input/mouse/synaptics.o
  CC      security/min_addr.o
  CC      security/security.o
  CC      drivers/input/mouse/focaltech.o
  CC      drivers/input/mouse/alps.o
  CC      net/ipv6/addrlabel.o
  CC      security/selinux/avc.o
Not overriding global variable alignment for ftrace_stacks since it has a section assigned.  CC      kernel/trace/trace_output.o
  CC      drivers/input/mouse/byd.o
  CC      net/ipv6/route.o
  CC      drivers/input/mouse/logips2pp.o
  CC      kernel/trace/trace_seq.o
  CC      security/selinux/hooks.o
  CC      drivers/input/mouse/trackpoint.o
  CC      kernel/trace/trace_stat.o
  CC      drivers/input/mouse/cypress_ps2.o
  CC      kernel/trace/trace_printk.o
  AR      drivers/input/mouse/built-in.a
  CC      drivers/input/input.o
  CC      kernel/trace/pid_list.o
  CC      net/ipv6/ip6_fib.o
  CC      security/selinux/selinuxfs.o
  CC      kernel/trace/trace_sched_switch.o
  CC      drivers/input/input-compat.o
  CC      drivers/input/input-mt.o
  CC      kernel/trace/trace_nop.o
  CC      drivers/input/input-poller.o
  CC      security/selinux/netlink.o
  CC      kernel/trace/blktrace.o
  CC      net/ipv6/ipv6_sockglue.o
  CC      drivers/input/ff-core.o
  CC      security/selinux/nlmsgtab.o
  CC      kernel/trace/trace_events.o
  CC      drivers/input/touchscreen.o
  CC      security/selinux/netif.o
  CC      drivers/input/ff-memless.o
  CC      net/ipv6/ndisc.o
  CC      kernel/trace/trace_export.o
  CC      drivers/input/vivaldi-fmap.o
  CC      security/selinux/netnode.o
  CC      drivers/input/mousedev.o
  CC      kernel/trace/trace_syscalls.o
  CC      net/ipv6/udp.o
  CC      drivers/input/evdev.o
  CC      kernel/trace/trace_event_perf.o
  CC      security/selinux/netport.o
  CC      kernel/trace/trace_events_filter.o
  AR      drivers/input/built-in.a
  CC      drivers/rtc/lib.o
  CC      security/selinux/status.o
  CC      drivers/rtc/class.o
  CC      net/ipv6/udplite.o
  CC      kernel/trace/trace_events_trigger.o
  CC      drivers/rtc/interface.o
  CC      security/selinux/ss/ebitmap.o
  CC      net/ipv6/raw.o
  CC      kernel/trace/trace_eprobe.o
  CC      security/selinux/ss/hashtab.o
  CC      drivers/rtc/nvmem.o
  CC      security/selinux/ss/symtab.o
  CC      drivers/rtc/dev.o
  CC      security/selinux/ss/sidtab.o
  CC      kernel/trace/bpf_trace.o
  CC      net/ipv6/icmp.o
  CC      drivers/rtc/proc.o
  CC      drivers/rtc/sysfs.o
  CC      security/selinux/ss/avtab.o
  CC      drivers/rtc/rtc-efi.o
  CC      net/ipv6/mcast.o
  CC      kernel/trace/error_report-traces.o
  CC      security/selinux/ss/policydb.o
  AR      drivers/rtc/built-in.a
  AR      drivers/i2c/algos/built-in.a
  AR      drivers/i2c/busses/built-in.a
  AR      drivers/i2c/muxes/built-in.a
  AR      drivers/i2c/built-in.a
  AR      drivers/i3c/built-in.a
  AR      drivers/media/i2c/built-in.a
  AR      drivers/media/tuners/built-in.a
  AR      drivers/media/rc/keymaps/built-in.a
  AR      drivers/media/rc/built-in.a
  AR      drivers/media/common/b2c2/built-in.a
  AR      drivers/media/common/saa7146/built-in.a
  AR      drivers/media/common/siano/built-in.a
  AR      drivers/media/common/v4l2-tpg/built-in.a
  AR      drivers/media/common/videobuf2/built-in.a
  AR      drivers/media/common/built-in.a
  AR      drivers/media/platform/allegro-dvt/built-in.a
  AR      drivers/media/platform/amlogic/meson-ge2d/built-in.a
  AR      drivers/media/platform/amlogic/built-in.a
  AR      drivers/media/platform/amphion/built-in.a
  AR      drivers/media/platform/aspeed/built-in.a
  AR      drivers/media/platform/atmel/built-in.a
  CC      kernel/trace/power-traces.o
  AR      drivers/media/platform/cadence/built-in.a
  AR      drivers/media/platform/chips-media/built-in.a
  AR      drivers/media/platform/intel/built-in.a
  AR      drivers/media/platform/marvell/built-in.a
  AR      drivers/media/platform/mediatek/jpeg/built-in.a
  AR      drivers/media/platform/mediatek/mdp/built-in.a
  AR      drivers/media/platform/mediatek/vcodec/common/built-in.a
  AR      drivers/media/platform/mediatek/vcodec/encoder/built-in.a
  AR      drivers/media/platform/mediatek/vcodec/decoder/built-in.a
  AR      drivers/media/platform/mediatek/vcodec/built-in.a
  AR      drivers/media/platform/mediatek/vpu/built-in.a
  AR      drivers/media/platform/mediatek/mdp3/built-in.a
  AR      drivers/media/platform/mediatek/built-in.a
  AR      drivers/media/platform/microchip/built-in.a
  AR      drivers/media/platform/nuvoton/built-in.a
  AR      drivers/media/platform/nvidia/tegra-vde/built-in.a
  AR      drivers/media/platform/nvidia/built-in.a
  AR      drivers/media/platform/nxp/dw100/built-in.a
  AR      drivers/media/platform/nxp/imx-jpeg/built-in.a
  AR      drivers/media/platform/nxp/imx8-isi/built-in.a
  AR      drivers/media/platform/nxp/built-in.a
  AR      drivers/media/platform/qcom/camss/built-in.a
  AR      drivers/media/platform/qcom/venus/built-in.a
  AR      drivers/media/platform/qcom/built-in.a
  AR      drivers/media/platform/renesas/rcar-vin/built-in.a
  AR      drivers/media/platform/renesas/rzg2l-cru/built-in.a
  AR      drivers/media/platform/renesas/vsp1/built-in.a
  AR      drivers/media/platform/renesas/built-in.a
  AR      drivers/media/platform/rockchip/rga/built-in.a
  AR      drivers/media/platform/rockchip/rkisp1/built-in.a
  AR      drivers/media/platform/rockchip/built-in.a
  AR      drivers/media/platform/samsung/exynos-gsc/built-in.a
  AR      drivers/media/platform/samsung/exynos4-is/built-in.a
  AR      drivers/media/platform/samsung/s3c-camif/built-in.a
  AR      drivers/media/platform/samsung/s5p-g2d/built-in.a
  AR      drivers/media/platform/samsung/s5p-jpeg/built-in.a
  AR      drivers/media/platform/samsung/s5p-mfc/built-in.a
  AR      drivers/media/platform/samsung/built-in.a
  AR      drivers/media/platform/st/sti/bdisp/built-in.a
  AR      drivers/media/platform/st/sti/c8sectpfe/built-in.a
  AR      drivers/media/platform/st/sti/delta/built-in.a
  AR      drivers/media/platform/st/sti/hva/built-in.a
  AR      drivers/media/platform/st/stm32/built-in.a
  AR      drivers/media/platform/st/built-in.a
  AR      drivers/media/platform/sunxi/sun4i-csi/built-in.a
  AR      drivers/media/platform/sunxi/sun6i-csi/built-in.a
  AR      drivers/media/platform/sunxi/sun6i-mipi-csi2/built-in.a
  AR      drivers/media/platform/sunxi/sun8i-a83t-mipi-csi2/built-in.a
  AR      drivers/media/platform/sunxi/sun8i-di/built-in.a
  AR      drivers/media/platform/sunxi/sun8i-rotate/built-in.a
  AR      drivers/media/platform/sunxi/built-in.a
  AR      drivers/media/platform/ti/am437x/built-in.a
  AR      drivers/media/platform/ti/cal/built-in.a
  AR      drivers/media/platform/ti/vpe/built-in.a
  AR      drivers/media/platform/ti/davinci/built-in.a
  AR      drivers/media/platform/ti/j721e-csi2rx/built-in.a
  AR      drivers/media/platform/ti/omap/built-in.a
  AR      drivers/media/platform/ti/omap3isp/built-in.a
  AR      drivers/media/platform/ti/built-in.a
  AR      drivers/media/platform/verisilicon/built-in.a
  AR      drivers/media/platform/via/built-in.a
  AR      drivers/media/platform/xilinx/built-in.a
  AR      drivers/media/platform/built-in.a
  AR      drivers/media/pci/ttpci/built-in.a
  AR      drivers/media/pci/b2c2/built-in.a
  AR      drivers/media/pci/pluto2/built-in.a
  AR      drivers/media/pci/dm1105/built-in.a
  AR      drivers/media/pci/pt1/built-in.a
  AR      drivers/media/pci/pt3/built-in.a
  AR      drivers/media/pci/mantis/built-in.a
  AR      drivers/media/pci/ngene/built-in.a
  AR      drivers/media/pci/ddbridge/built-in.a
  CC      kernel/trace/rpm-traces.o
  AR      drivers/media/pci/saa7146/built-in.a
  AR      drivers/media/pci/smipcie/built-in.a
  AR      drivers/media/pci/netup_unidvb/built-in.a
  AR      drivers/media/pci/intel/ipu3/built-in.a
  AR      drivers/media/pci/intel/ivsc/built-in.a
  AR      drivers/media/pci/intel/built-in.a
  AR      drivers/media/pci/built-in.a
  AR      drivers/media/usb/b2c2/built-in.a
  AR      drivers/media/usb/dvb-usb/built-in.a
  AR      drivers/media/usb/dvb-usb-v2/built-in.a
  CC      security/selinux/ss/services.o
  AR      drivers/media/usb/s2255/built-in.a
  AR      drivers/media/usb/siano/built-in.a
  AR      drivers/media/usb/ttusb-budget/built-in.a
  AR      drivers/media/usb/ttusb-dec/built-in.a
  AR      drivers/media/usb/built-in.a
  CC      net/ipv6/reassembly.o
  AR      drivers/media/mmc/siano/built-in.a
  AR      drivers/media/mmc/built-in.a
  AR      drivers/media/firewire/built-in.a
  AR      drivers/media/spi/built-in.a
  AR      drivers/media/test-drivers/built-in.a
  AR      drivers/media/built-in.a
  AR      drivers/pps/clients/built-in.a
  AR      drivers/pps/generators/built-in.a
  CC      drivers/pps/pps.o
  CC      kernel/trace/trace_dynevent.o
  CC      drivers/pps/kapi.o
  CC      net/ipv6/tcp_ipv6.o
  CC      drivers/pps/sysfs.o
  CC      kernel/trace/trace_probe.o
  AR      drivers/pps/built-in.a
  CC      security/selinux/ss/conditional.o
  CC      drivers/ptp/ptp_clock.o
  CC      kernel/trace/trace_uprobe.o
  CC      drivers/ptp/ptp_chardev.o
  CC      security/selinux/ss/mls.o
  CC      net/ipv6/ping.o
  CC      drivers/ptp/ptp_sysfs.o
  CC      security/selinux/ss/context.o
  AR      kernel/trace/built-in.a
  CC      kernel/irq_work.o
  CC      net/ipv6/exthdrs.o
  CC      drivers/ptp/ptp_vclock.o
  CC      kernel/cpu_pm.o
  AR      security/selinux/built-in.a
  CC      security/lsm_audit.o
  CC      drivers/ptp/ptp_kvm_arm.o
  CC      drivers/ptp/ptp_kvm_common.o
  CC      net/ipv6/datagram.o
  CC      kernel/bpf/core.o
  CC      security/device_cgroup.o
  AR      drivers/ptp/built-in.a
  AR      drivers/power/reset/built-in.a
  CC      drivers/power/supply/power_supply_core.o
  CC      net/ipv6/ip6_flowlabel.o
  CC      drivers/power/supply/power_supply_sysfs.o
  CC      security/integrity/iint.o
  CC      drivers/power/supply/power_supply_hwmon.o
  CC      kernel/bpf/syscall.o
  CC      security/integrity/integrity_audit.o
  CC      net/ipv6/inet6_connection_sock.o
  AR      drivers/power/supply/built-in.a
  AR      drivers/power/built-in.a
  CC      drivers/hwmon/hwmon.o
  AR      security/integrity/built-in.a
  AR      security/built-in.a
  AR      drivers/thermal/broadcom/built-in.a
  AR      drivers/thermal/samsung/built-in.a
  AR      drivers/thermal/intel/built-in.a
  AR      drivers/thermal/st/built-in.a
  AR      drivers/thermal/qcom/built-in.a
  AR      drivers/thermal/tegra/built-in.a
  AR      drivers/thermal/mediatek/built-in.a
  CC      drivers/thermal/thermal_core.o
  AR      drivers/hwmon/built-in.a
  CC      drivers/opp/core.o
  CC      net/ipv6/udp_offload.o
  CC      drivers/thermal/thermal_sysfs.o
  CC      net/ipv6/seg6.o
  CC      drivers/thermal/thermal_trip.o
  CC      drivers/opp/cpu.o
  CC      kernel/bpf/verifier.o
  CC      drivers/thermal/thermal_helpers.o
  CC      drivers/opp/of.o
  CC      net/ipv6/fib6_notifier.o
  CC      drivers/thermal/thermal_hwmon.o
  CC      drivers/opp/debugfs.o
  CC      drivers/thermal/thermal_of.o
  CC      net/ipv6/rpl.o
  AR      drivers/opp/built-in.a
  CC      kernel/events/core.o
  CC      drivers/thermal/gov_step_wise.o
  CC      net/ipv6/ioam6.o
  AR      drivers/thermal/built-in.a
  CC      drivers/cpufreq/cpufreq.o
  CC      net/ipv6/sysctl_net_ipv6.o
  CC      drivers/cpufreq/freq_table.o
  CC      drivers/cpufreq/cpufreq_stats.o
  CC      net/ipv6/netfilter.o
  CC      drivers/cpufreq/cpufreq_performance.o
  CC      drivers/cpufreq/cpufreq_governor_attr_set.o
  CC      net/ipv6/proc.o
  CC      kernel/events/ring_buffer.o
  CC      kernel/bpf/inode.o
  AR      drivers/cpufreq/built-in.a
  CC      drivers/cpuidle/governors/menu.o
  AR      drivers/cpuidle/governors/built-in.a
  CC      drivers/cpuidle/cpuidle.o
  CC      kernel/events/callchain.o
  CC      kernel/bpf/helpers.o
  CC      net/ipv6/sit.o
  CC      kernel/events/hw_breakpoint.o
  CC      drivers/cpuidle/driver.o
  CC      drivers/cpuidle/governor.o
  CC      kernel/bpf/log.o
  CC      net/ipv6/addrconf_core.o
  CC      kernel/events/uprobes.o
  CC      drivers/cpuidle/sysfs.o
  CC      drivers/cpuidle/dt_idle_states.o
  CC      kernel/bpf/bpf_iter.o
  CC      net/ipv6/exthdrs_core.o
  CC      drivers/cpuidle/dt_idle_genpd.o
  AR      kernel/events/built-in.a
  CC      net/packet/af_packet.o
  CC      drivers/cpuidle/cpuidle-psci.o
  CC      kernel/bpf/map_iter.o
  CC      net/ipv6/ip6_checksum.o
  CC      drivers/cpuidle/cpuidle-psci-domain.o
  AR      drivers/cpuidle/built-in.a
  AR      drivers/mmc/built-in.a
  AR      drivers/ufs/built-in.a
  CC      kernel/bpf/task_iter.o
  AR      drivers/firmware/arm_ffa/built-in.a
  CC      drivers/firmware/arm_scmi/bus.o
  CC      net/ipv6/ip6_icmp.o
  CC      drivers/firmware/arm_scmi/driver.o
  AR      net/packet/built-in.a
  CC      kernel/crash_dump.o
  CC      kernel/bpf/prog_iter.o
  CC      net/ipv6/output_core.o
  AR      drivers/crypto/stm32/built-in.a
  AR      drivers/crypto/xilinx/built-in.a
  AR      drivers/crypto/hisilicon/built-in.a
  AR      drivers/crypto/intel/keembay/built-in.a
  AR      drivers/crypto/intel/ixp4xx/built-in.a
  AR      drivers/crypto/intel/built-in.a
  AR      drivers/crypto/starfive/built-in.a
  AR      drivers/crypto/built-in.a
  AR      net/bridge/netfilter/built-in.a
  CC      net/bridge/br.o
  CC      drivers/firmware/arm_scmi/notify.o
  CC      kernel/bpf/link_iter.o
  CC      net/ipv6/protocol.o
  CC      net/bridge/br_device.o
  CC      drivers/firmware/arm_scmi/base.o
  CC      kernel/bpf/hashtab.o
  CC      net/ipv6/ip6_offload.o
  CC      drivers/firmware/arm_scmi/clock.o
  CC      net/bridge/br_fdb.o
  CC      drivers/firmware/arm_scmi/perf.o
  CC      net/ipv6/tcpv6_offload.o
  CC      drivers/firmware/arm_scmi/power.o
  CC      kernel/bpf/arraymap.o
  CC      drivers/firmware/arm_scmi/reset.o
  CC      net/ipv6/exthdrs_offload.o
  CC      net/bridge/br_forward.o
  CC      drivers/firmware/arm_scmi/sensors.o
  CC      kernel/bpf/percpu_freelist.o
  CC      net/ipv6/inet6_hashtables.o
  CC      kernel/bpf/bpf_lru_list.o
  CC      drivers/firmware/arm_scmi/system.o
  CC      net/bridge/br_if.o
  CC      kernel/bpf/lpm_trie.o
  CC      drivers/firmware/arm_scmi/voltage.o
  CC      net/ipv6/mcast_snoop.o
  CC      drivers/firmware/arm_scmi/powercap.o
  CC      kernel/bpf/map_in_map.o
  CC      net/bridge/br_input.o
  CC      drivers/firmware/arm_scmi/shmem.o
  AR      net/ipv6/built-in.a
  AR      drivers/firmware/broadcom/built-in.a
  CC      kernel/bpf/bloom_filter.o
  CC      kernel/jump_label.o
  CC      drivers/firmware/arm_scmi/mailbox.o
  CC      net/bridge/br_ioctl.o
  CC      kernel/bpf/local_storage.o
  AR      net/dsa/built-in.a
  AR      net/wireless/tests/built-in.a
  AR      net/wireless/built-in.a
  AR      drivers/firmware/cirrus/built-in.a
  CC      kernel/bpf/queue_stack_maps.o
  CC      drivers/firmware/arm_scmi/smc.o
  AR      drivers/firmware/arm_scmi/built-in.a
  AR      drivers/firmware/meson/built-in.a
  AR      drivers/firmware/imx/built-in.a
  CC      drivers/clocksource/timer-of.o
  CC      drivers/firmware/efi/libstub/efi-stub-helper.o
  CC      net/bridge/br_stp.o
  CC      kernel/bpf/ringbuf.o
  CC      drivers/clocksource/timer-probe.o
  CC      drivers/firmware/efi/libstub/gop.o
  CC      drivers/clocksource/arm_arch_timer.o
  CC      kernel/bpf/bpf_local_storage.o
  CC      net/bridge/br_stp_bpdu.o
  CC      drivers/firmware/efi/libstub/secureboot.o
  CC      drivers/firmware/efi/libstub/tpm.o
  CC      drivers/clocksource/dummy_timer.o
  CC      net/bridge/br_stp_if.o
  CC      kernel/bpf/bpf_task_storage.o
  AR      drivers/clocksource/built-in.a
  CC      kernel/context_tracking.o
  CC      drivers/firmware/efi/libstub/file.o
  CC      kernel/bpf/disasm.o
  CC      kernel/bpf/mprog.o
  CC      drivers/firmware/efi/libstub/mem.o
  CC      net/bridge/br_stp_timer.o
  CC      drivers/firmware/efi/libstub/random.o
  CC      net/devres.o
  CC      kernel/bpf/trampoline.o
  CC      net/bridge/br_netlink.o
  CC      drivers/firmware/efi/libstub/randomalloc.o
  CC      drivers/firmware/efi/efi.o
  CC      kernel/bpf/btf.o
  CC      drivers/firmware/efi/libstub/pci.o
  AR      drivers/hid/built-in.a
  CC      drivers/firmware/efi/vars.o
  CC      net/bridge/br_netlink_tunnel.o
  CC      drivers/firmware/efi/libstub/skip_spaces.o
  CC      drivers/firmware/efi/libstub/lib-cmdline.o
  CC      drivers/firmware/efi/libstub/lib-ctype.o
  CC      drivers/firmware/efi/libstub/alignedmem.o
  CC      drivers/firmware/efi/libstub/relocate.o
  CC      drivers/firmware/efi/reboot.o
  CC      drivers/firmware/efi/libstub/printk.o
  CC      net/bridge/br_arp_nd_proxy.o
  CC      net/bridge/br_sysfs_if.o
  CC      drivers/firmware/efi/libstub/vsprintf.o
  CC      drivers/firmware/efi/libstub/fdt.o
  CC      kernel/bpf/memalloc.o
  CC      net/bridge/br_sysfs_br.o
  CC      drivers/firmware/efi/libstub/lib-fdt_rw.o
  CC      drivers/firmware/efi/libstub/lib-fdt_ro.o
  CC      drivers/firmware/efi/libstub/lib-fdt_wip.o
  CC      drivers/of/base.o
  CC      drivers/firmware/efi/libstub/lib-fdt.o
  CC      drivers/firmware/efi/libstub/lib-fdt_empty_tree.o
  CC      drivers/firmware/efi/libstub/lib-fdt_sw.o
  CC      drivers/firmware/efi/libstub/efi-stub.o
  CC      kernel/bpf/dispatcher.o
  CC      net/bridge/br_nf_core.o
  CC      drivers/of/cpu.o
  CC      drivers/firmware/efi/libstub/string.o
  CC      drivers/firmware/efi/libstub/intrinsics.o
  CC      kernel/bpf/devmap.o
  CC      drivers/of/device.o
  CC      drivers/firmware/efi/libstub/systable.o
  CC      net/bridge/br_multicast.o
  CC      drivers/of/module.o
  CC      drivers/firmware/efi/libstub/screen_info.o
  CC      drivers/of/platform.o
  CC      kernel/bpf/cpumap.o
  CC      drivers/firmware/efi/libstub/efi-stub-entry.o
  CC      drivers/of/property.o
  CC      drivers/firmware/efi/libstub/kaslr.o
  CC      kernel/bpf/offload.o
  CC      drivers/of/kobj.o
  CC      drivers/firmware/efi/libstub/arm64.o
  CC      net/bridge/br_mdb.o
  CC      drivers/of/fdt.o
  CC      drivers/firmware/efi/libstub/arm64-stub.o
  CC      kernel/bpf/net_namespace.o
  CC      drivers/of/fdt_address.o
  CC      drivers/firmware/efi/libstub/smbios.o
  CC      drivers/of/address.o
  CC      net/bridge/br_multicast_eht.o
  CC      kernel/bpf/tcx.o
  STUBCPY drivers/firmware/efi/libstub/alignedmem.stub.o
  STUBCPY drivers/firmware/efi/libstub/arm64-stub.stub.o
  STUBCPY drivers/firmware/efi/libstub/arm64.stub.o
  STUBCPY drivers/firmware/efi/libstub/efi-stub-entry.stub.o
  STUBCPY drivers/firmware/efi/libstub/efi-stub-helper.stub.o
  STUBCPY drivers/firmware/efi/libstub/efi-stub.stub.o
  STUBCPY drivers/firmware/efi/libstub/fdt.stub.o
  STUBCPY drivers/firmware/efi/libstub/file.stub.o
  STUBCPY drivers/firmware/efi/libstub/gop.stub.o
  STUBCPY drivers/firmware/efi/libstub/intrinsics.stub.o
  STUBCPY drivers/firmware/efi/libstub/kaslr.stub.o
  STUBCPY drivers/firmware/efi/libstub/lib-cmdline.stub.o
  STUBCPY drivers/firmware/efi/libstub/lib-ctype.stub.o
  STUBCPY drivers/firmware/efi/libstub/lib-fdt.stub.o
  STUBCPY drivers/firmware/efi/libstub/lib-fdt_empty_tree.stub.o
  STUBCPY drivers/firmware/efi/libstub/lib-fdt_ro.stub.o
  STUBCPY drivers/firmware/efi/libstub/lib-fdt_rw.stub.o
  STUBCPY drivers/firmware/efi/libstub/lib-fdt_sw.stub.o
  STUBCPY drivers/firmware/efi/libstub/lib-fdt_wip.stub.o
  STUBCPY drivers/firmware/efi/libstub/mem.stub.o
  STUBCPY drivers/firmware/efi/libstub/pci.stub.o
  STUBCPY drivers/firmware/efi/libstub/printk.stub.o
  STUBCPY drivers/firmware/efi/libstub/random.stub.o
  STUBCPY drivers/firmware/efi/libstub/randomalloc.stub.o
  STUBCPY drivers/firmware/efi/libstub/relocate.stub.o
  STUBCPY drivers/firmware/efi/libstub/screen_info.stub.o
  STUBCPY drivers/firmware/efi/libstub/secureboot.stub.o
  STUBCPY drivers/firmware/efi/libstub/skip_spaces.stub.o
  STUBCPY drivers/firmware/efi/libstub/smbios.stub.o
  STUBCPY drivers/firmware/efi/libstub/string.stub.o
  STUBCPY drivers/firmware/efi/libstub/systable.stub.o
  STUBCPY drivers/firmware/efi/libstub/tpm.stub.o
  STUBCPY drivers/firmware/efi/libstub/vsprintf.stub.o
  AR      drivers/firmware/efi/libstub/lib.a
  CC      drivers/firmware/efi/memattr.o
  CC      drivers/of/irq.o
  CC      kernel/bpf/stackmap.o
  CC      net/bridge/br_netfilter_hooks.o
  CC      drivers/firmware/efi/tpm.o
  CC      drivers/of/of_reserved_mem.o
  CC      drivers/firmware/efi/memmap.o
  CC      drivers/of/of_numa.o
  CC      kernel/bpf/cgroup_iter.o
  CC      drivers/firmware/efi/capsule.o
  AR      drivers/of/built-in.a
  CC      kernel/bpf/bpf_cgrp_storage.o
  CC      net/bridge/br_netfilter_ipv6.o
  CC      net/socket.o
  CC      drivers/firmware/efi/fdtparams.o
  CC      kernel/bpf/cgroup.o
  CC      drivers/firmware/efi/esrt.o
  AR      net/bridge/built-in.a
  CC      kernel/iomem.o
  CC      drivers/firmware/efi/efi-pstore.o
  CC      drivers/firmware/efi/cper.o
  CC      net/compat.o
  CC      drivers/firmware/efi/cper_cxl.o
  CC      kernel/bpf/reuseport_array.o
  CC      drivers/firmware/psci/psci.o
  CC      drivers/firmware/efi/runtime-wrappers.o
  AR      drivers/firmware/psci/built-in.a
  AR      drivers/platform/surface/built-in.a
  AR      drivers/platform/built-in.a
  CC      kernel/bpf/sysfs_btf.o
  CC      kernel/rseq.o
  CC      drivers/firmware/efi/efi-init.o
  CC      net/sysctl_net.o
  CC      kernel/bpf/bpf_struct_ops.o
/src/kernel/rseq.c:197:42: warning: format specifies type 'void *' but the argument has type 'u32 * __capability' (aka 'unsigned int * __capability') [-Wformat]
  196 |                         "Possible attack attempt. Unexpected rseq signature 0x%x, expecting 0x%x (pid=%d, addr=%p).\n",
      |                                                                                                                ~~
  197 |                         sig, current->rseq_sig, current->pid, usig);
      |                                                               ^~~~
/src/include/linux/printk.h:649:17: note: expanded from macro 'printk_ratelimited'
  649 |                 printk(fmt, ##__VA_ARGS__);                             \
      |                        ~~~    ^~~~~~~~~~~
/src/include/linux/printk.h:455:60: note: expanded from macro 'printk'
  455 | #define printk(fmt, ...) printk_index_wrap(_printk, fmt, ##__VA_ARGS__)
      |                                                     ~~~    ^~~~~~~~~~~
/src/include/linux/printk.h:427:19: note: expanded from macro 'printk_index_wrap'
  427 |                 _p_func(_fmt, ##__VA_ARGS__);                           \
      |                         ~~~~    ^~~~~~~~~~~
  CC      drivers/firmware/efi/arm-runtime.o
1 warning generated.
  AR      drivers/firmware/qcom/built-in.a
  CC      drivers/mailbox/mailbox.o
  AR      net/built-in.a
  CC      kernel/bpf/cpumask.o
  CC      drivers/firmware/efi/capsule-loader.o
  CC      drivers/mailbox/arm_mhu.o
  CC      drivers/firmware/smccc/smccc.o
  CC      kernel/bpf/relo_core.o
  CC      drivers/firmware/efi/earlycon.o
  CC      drivers/mailbox/arm_mhu_db.o
  CC      drivers/firmware/smccc/kvm_guest.o
  CC      drivers/firmware/smccc/soc_id.o
  CC      drivers/firmware/efi/cper-arm.o
  AR      drivers/firmware/smccc/built-in.a
  CC      drivers/mailbox/platform_mhu.o
  AR      drivers/firmware/tegra/built-in.a
  CC      drivers/devfreq/devfreq.o
  AR      kernel/bpf/built-in.a
  CC      kernel/configs.o
  AR      drivers/firmware/efi/built-in.a
  AR      drivers/firmware/xilinx/built-in.a
  CC      drivers/firmware/dmi_scan.o
  AR      drivers/mailbox/built-in.a
  CC      drivers/firmware/dmi-id.o
  AR      kernel/built-in.a
  CC      drivers/devfreq/governor_simpleondemand.o
  AR      drivers/memory/built-in.a
  CC      drivers/perf/arm_pmu.o
  CC      drivers/ras/ras.o
  AR      drivers/devfreq/built-in.a
  AR      drivers/hwtracing/intel_th/built-in.a
  CC      drivers/ras/debugfs.o
  AR      drivers/firmware/built-in.a
  AR      drivers/android/built-in.a
  CC      drivers/perf/arm_pmu_platform.o
  AR      drivers/nvmem/layouts/built-in.a
  CC      drivers/nvmem/core.o
  CC      drivers/perf/arm_pmu_acpi.o
  AR      drivers/ras/built-in.a
  CC      drivers/perf/arm_pmuv3.o
  CC      drivers/perf/arm_spe_pmu.o
  AR      drivers/nvmem/built-in.a
  AR      drivers/perf/built-in.a
  AR      drivers/built-in.a
  AR      built-in.a
  AR      vmlinux.a
  LD      vmlinux.o
  OBJCOPY modules.builtin.modinfo
  GEN     modules.builtin
  MODPOST Module.symvers
  CC      .vmlinux.export.o
  UPD     include/generated/utsversion.h
  CC      init/version-timestamp.o
  LD      .tmp_vmlinux.btf
  BTF     .btf.vmlinux.bin.o
  LD      .tmp_vmlinux.kallsyms1
  NM      .tmp_vmlinux.kallsyms1.syms
  KSYMS   .tmp_vmlinux.kallsyms1.S
  AS      .tmp_vmlinux.kallsyms1.S
  LD      .tmp_vmlinux.kallsyms2
  NM      .tmp_vmlinux.kallsyms2.syms
  KSYMS   .tmp_vmlinux.kallsyms2.S
  AS      .tmp_vmlinux.kallsyms2.S
  LD      vmlinux
  BTFIDS  vmlinux
  NM      System.map
  SORTTAB vmlinux
  OBJCOPY arch/arm64/boot/Image
make[1]: Leaving directory '/build'
make[1]: Entering directory '/build'
  HOSTCC  scripts/unifdef
  HDRINST usr/include/asm-generic/errno-base.h
  HDRINST usr/include/asm-generic/fcntl.h
  HDRINST usr/include/asm-generic/int-l64.h
  HDRINST usr/include/asm-generic/poll.h
  HDRINST usr/include/asm-generic/errno.h
  HDRINST usr/include/asm-generic/mman-common.h
  HDRINST usr/include/asm-generic/ucontext.h
  HDRINST usr/include/asm-generic/param.h
  HDRINST usr/include/asm-generic/ioctls.h
  HDRINST usr/include/asm-generic/termbits-common.h
  HDRINST usr/include/asm-generic/unistd.h
  HDRINST usr/include/asm-generic/swab.h
  HDRINST usr/include/asm-generic/ioctl.h
  HDRINST usr/include/asm-generic/kvm_para.h
  HDRINST usr/include/asm-generic/signal-defs.h
  HDRINST usr/include/asm-generic/types.h
  HDRINST usr/include/asm-generic/signal.h
  HDRINST usr/include/asm-generic/mman.h
  HDRINST usr/include/asm-generic/int-ll64.h
  HDRINST usr/include/asm-generic/bpf_perf_event.h
  HDRINST usr/include/asm-generic/termbits.h
  HDRINST usr/include/asm-generic/posix_types.h
  HDRINST usr/include/asm-generic/shmbuf.h
  HDRINST usr/include/asm-generic/sockios.h
  HDRINST usr/include/asm-generic/bitsperlong.h
  HDRINST usr/include/asm-generic/sembuf.h
  HDRINST usr/include/asm-generic/stat.h
  HDRINST usr/include/asm-generic/hugetlb_encode.h
  HDRINST usr/include/asm-generic/siginfo.h
  HDRINST usr/include/asm-generic/termios.h
  HDRINST usr/include/asm-generic/statfs.h
  HDRINST usr/include/asm-generic/auxvec.h
  HDRINST usr/include/asm-generic/setup.h
  HDRINST usr/include/asm-generic/msgbuf.h
  HDRINST usr/include/asm-generic/ipcbuf.h
  HDRINST usr/include/asm-generic/resource.h
  HDRINST usr/include/asm-generic/socket.h
  HDRINST usr/include/drm/exynos_drm.h
  HDRINST usr/include/drm/tegra_drm.h
  HDRINST usr/include/drm/drm_mode.h
  HDRINST usr/include/drm/drm_sarea.h
  HDRINST usr/include/drm/nouveau_drm.h
  HDRINST usr/include/drm/i915_drm.h
  HDRINST usr/include/drm/msm_drm.h
  HDRINST usr/include/drm/vc4_drm.h
  HDRINST usr/include/drm/v3d_drm.h
  HDRINST usr/include/drm/drm_fourcc.h
  HDRINST usr/include/drm/qaic_accel.h
  HDRINST usr/include/drm/qxl_drm.h
  HDRINST usr/include/drm/habanalabs_accel.h
  HDRINST usr/include/drm/ivpu_accel.h
  HDRINST usr/include/drm/lima_drm.h
  HDRINST usr/include/drm/vmwgfx_drm.h
  HDRINST usr/include/drm/radeon_drm.h
  HDRINST usr/include/drm/omap_drm.h
  HDRINST usr/include/drm/etnaviv_drm.h
  HDRINST usr/include/drm/virtgpu_drm.h
  HDRINST usr/include/drm/armada_drm.h
  HDRINST usr/include/drm/vgem_drm.h
  HDRINST usr/include/drm/drm.h
  HDRINST usr/include/drm/panfrost_drm.h
  HDRINST usr/include/drm/amdgpu_drm.h
  HDRINST usr/include/linux/bt-bmc.h
  HDRINST usr/include/linux/rpl.h
  HDRINST usr/include/linux/ipc.h
  HDRINST usr/include/linux/atalk.h
  HDRINST usr/include/linux/keyctl.h
  HDRINST usr/include/linux/landlock.h
  HDRINST usr/include/linux/vm_sockets_diag.h
  HDRINST usr/include/linux/pg.h
  HDRINST usr/include/linux/atmsap.h
  HDRINST usr/include/linux/rkisp1-config.h
  HDRINST usr/include/linux/fiemap.h
  HDRINST usr/include/linux/ip.h
  HDRINST usr/include/linux/jffs2.h
  HDRINST usr/include/linux/nilfs2_ondisk.h
  HDRINST usr/include/linux/fd.h
  HDRINST usr/include/linux/fpga-dfl.h
  HDRINST usr/include/linux/dm-log-userspace.h
  HDRINST usr/include/linux/input-event-codes.h
  HDRINST usr/include/linux/libc-compat.h
  HDRINST usr/include/linux/hiddev.h
  HDRINST usr/include/linux/patchkey.h
  HDRINST usr/include/linux/cifs/cifs_mount.h
  HDRINST usr/include/linux/cifs/cifs_netlink.h
  HDRINST usr/include/linux/netfilter_ipv4.h
  HDRINST usr/include/linux/netfilter_ipv4/ipt_REJECT.h
  HDRINST usr/include/linux/netfilter_ipv4/ipt_ttl.h
  HDRINST usr/include/linux/netfilter_ipv4/ip_tables.h
  HDRINST usr/include/linux/netfilter_ipv4/ipt_ah.h
  HDRINST usr/include/linux/netfilter_ipv4/ipt_LOG.h
  HDRINST usr/include/linux/netfilter_ipv4/ipt_TTL.h
  HDRINST usr/include/linux/netfilter_ipv4/ipt_ecn.h
  HDRINST usr/include/linux/netfilter_ipv4/ipt_CLUSTERIP.h
  HDRINST usr/include/linux/netfilter_ipv4/ipt_ECN.h
  HDRINST usr/include/linux/ipmi_msgdefs.h
  HDRINST usr/include/linux/nsfs.h
  HDRINST usr/include/linux/uinput.h
  HDRINST usr/include/linux/tdx-guest.h
  HDRINST usr/include/linux/ax25.h
  HDRINST usr/include/linux/amt.h
  HDRINST usr/include/linux/nl80211-vnd-intel.h
  HDRINST usr/include/linux/dma-heap.h
  HDRINST usr/include/linux/pci.h
  HDRINST usr/include/linux/virtio_pci.h
  HDRINST usr/include/linux/hpet.h
  HDRINST usr/include/linux/fcntl.h
  HDRINST usr/include/linux/pkt_sched.h
  HDRINST usr/include/linux/kernel-page-flags.h
  HDRINST usr/include/linux/dlm_plock.h
  HDRINST usr/include/linux/xattr.h
  HDRINST usr/include/linux/hdlcdrv.h
  HDRINST usr/include/linux/poll.h
  HDRINST usr/include/linux/membarrier.h
  HDRINST usr/include/linux/apm_bios.h
  HDRINST usr/include/linux/dm-ioctl.h
  HDRINST usr/include/linux/errno.h
  HDRINST usr/include/linux/virtio_iommu.h
  HDRINST usr/include/linux/auto_fs4.h
  HDRINST usr/include/linux/ip6_tunnel.h
  HDRINST usr/include/linux/blktrace_api.h
  HDRINST usr/include/linux/wwan.h
  HDRINST usr/include/linux/virtio_blk.h
  HDRINST usr/include/linux/ipv6_route.h
  HDRINST usr/include/linux/mrp_bridge.h
  HDRINST usr/include/linux/serio.h
  HDRINST usr/include/linux/agpgart.h
  HDRINST usr/include/linux/mptcp_pm.h
  HDRINST usr/include/linux/seg6_local.h
  HDRINST usr/include/linux/if_ltalk.h
  HDRINST usr/include/linux/openvswitch.h
  HDRINST usr/include/linux/usbdevice_fs.h
  HDRINST usr/include/linux/ublk_cmd.h
  HDRINST usr/include/linux/gen_stats.h
  HDRINST usr/include/linux/param.h
  HDRINST usr/include/linux/nbd-netlink.h
  HDRINST usr/include/linux/if_alg.h
  HDRINST usr/include/linux/capi.h
  HDRINST usr/include/linux/aspeed-p2a-ctrl.h
  HDRINST usr/include/linux/rxrpc.h
  HDRINST usr/include/linux/v4l2-controls.h
  HDRINST usr/include/linux/if_vlan.h
  HDRINST usr/include/linux/tps6594_pfsm.h
  HDRINST usr/include/linux/tc_ematch/tc_em_text.h
  HDRINST usr/include/linux/tc_ematch/tc_em_ipt.h
  HDRINST usr/include/linux/tc_ematch/tc_em_meta.h
  HDRINST usr/include/linux/tc_ematch/tc_em_cmp.h
  HDRINST usr/include/linux/tc_ematch/tc_em_nbyte.h
  HDRINST usr/include/linux/switchtec_ioctl.h
  HDRINST usr/include/linux/mmtimer.h
  HDRINST usr/include/linux/dns_resolver.h
  HDRINST usr/include/linux/aspeed-lpc-ctrl.h
  HDRINST usr/include/linux/unix_diag.h
  HDRINST usr/include/linux/kd.h
  HDRINST usr/include/linux/mroute.h
  HDRINST usr/include/linux/scif_ioctl.h
  HDRINST usr/include/linux/usb/ch11.h
  HDRINST usr/include/linux/usb/g_uvc.h
  HDRINST usr/include/linux/usb/ch9.h
  HDRINST usr/include/linux/usb/audio.h
  HDRINST usr/include/linux/usb/tmc.h
  HDRINST usr/include/linux/usb/cdc.h
  HDRINST usr/include/linux/usb/cdc-wdm.h
  HDRINST usr/include/linux/usb/functionfs.h
  HDRINST usr/include/linux/usb/charger.h
  HDRINST usr/include/linux/usb/raw_gadget.h
  HDRINST usr/include/linux/usb/midi.h
  HDRINST usr/include/linux/usb/gadgetfs.h
  HDRINST usr/include/linux/usb/video.h
  HDRINST usr/include/linux/usb/g_printer.h
  HDRINST usr/include/linux/eventfd.h
  HDRINST usr/include/linux/limits.h
  HDRINST usr/include/linux/arm_sdei.h
  HDRINST usr/include/linux/sync_file.h
  HDRINST usr/include/linux/map_to_7segment.h
  HDRINST usr/include/linux/dccp.h
  HDRINST usr/include/linux/fsi.h
  HDRINST usr/include/linux/atmbr2684.h
  HDRINST usr/include/linux/auto_fs.h
  HDRINST usr/include/linux/dlm.h
  HDRINST usr/include/linux/blkpg.h
  HDRINST usr/include/linux/utsname.h
  HDRINST usr/include/linux/batman_adv.h
  HDRINST usr/include/linux/dlm_device.h
  HDRINST usr/include/linux/nvme_ioctl.h
  HDRINST usr/include/linux/unistd.h
  HDRINST usr/include/linux/handshake.h
  HDRINST usr/include/linux/atmarp.h
  HDRINST usr/include/linux/nvram.h
  HDRINST usr/include/linux/swab.h
  HDRINST usr/include/linux/cuda.h
  HDRINST usr/include/linux/atm_idt77105.h
  HDRINST usr/include/linux/dvb/dmx.h
  HDRINST usr/include/linux/dvb/audio.h
  HDRINST usr/include/linux/dvb/frontend.h
  HDRINST usr/include/linux/dvb/net.h
  HDRINST usr/include/linux/dvb/osd.h
  HDRINST usr/include/linux/dvb/ca.h
  HDRINST usr/include/linux/dvb/video.h
  HDRINST usr/include/linux/dvb/version.h
  HDRINST usr/include/linux/pci_regs.h
  HDRINST usr/include/linux/efs_fs_sb.h
  HDRINST usr/include/linux/if_arp.h
  HDRINST usr/include/linux/matroxfb.h
  HDRINST usr/include/linux/if_x25.h
  HDRINST usr/include/linux/serial.h
  HDRINST usr/include/linux/ioctl.h
  HDRINST usr/include/linux/atm_he.h
  HDRINST usr/include/linux/virtio_console.h
  HDRINST usr/include/linux/icmp.h
  HDRINST usr/include/linux/user_events.h
  HDRINST usr/include/linux/atmdev.h
  HDRINST usr/include/linux/x25.h
  HDRINST usr/include/linux/timex.h
  HDRINST usr/include/linux/netfilter_bridge/ebt_stp.h
  HDRINST usr/include/linux/netfilter_bridge/ebt_arp.h
  HDRINST usr/include/linux/netfilter_bridge/ebt_pkttype.h
  HDRINST usr/include/linux/netfilter_bridge/ebt_ip6.h
  HDRINST usr/include/linux/netfilter_bridge/ebtables.h
  HDRINST usr/include/linux/netfilter_bridge/ebt_mark_m.h
  HDRINST usr/include/linux/netfilter_bridge/ebt_802_3.h
  HDRINST usr/include/linux/netfilter_bridge/ebt_log.h
  HDRINST usr/include/linux/netfilter_bridge/ebt_nat.h
  HDRINST usr/include/linux/netfilter_bridge/ebt_ip.h
  HDRINST usr/include/linux/netfilter_bridge/ebt_nflog.h
  HDRINST usr/include/linux/netfilter_bridge/ebt_vlan.h
  HDRINST usr/include/linux/netfilter_bridge/ebt_limit.h
  HDRINST usr/include/linux/netfilter_bridge/ebt_arpreply.h
  HDRINST usr/include/linux/netfilter_bridge/ebt_mark_t.h
  HDRINST usr/include/linux/netfilter_bridge/ebt_among.h
  HDRINST usr/include/linux/netfilter_bridge/ebt_redirect.h
  HDRINST usr/include/linux/am437x-vpfe.h
  HDRINST usr/include/linux/virtio_i2c.h
  HDRINST usr/include/linux/un.h
  HDRINST usr/include/linux/lwtunnel.h
  HDRINST usr/include/linux/mroute6.h
  HDRINST usr/include/linux/v4l2-dv-timings.h
  HDRINST usr/include/linux/ipmi_ssif_bmc.h
  HDRINST usr/include/linux/hsi/hsi_char.h
  HDRINST usr/include/linux/hsi/cs-protocol.h
  HDRINST usr/include/linux/npcm-video.h
  HDRINST usr/include/linux/tipc_config.h
  HDRINST usr/include/linux/mii.h
  HDRINST usr/include/linux/inet_diag.h
  HDRINST usr/include/linux/virtio_9p.h
  HDRINST usr/include/linux/hyperv.h
  HDRINST usr/include/linux/ext4.h
  HDRINST usr/include/linux/if.h
  HDRINST usr/include/linux/seg6_iptunnel.h
  HDRINST usr/include/linux/isdn/capicmd.h
  HDRINST usr/include/linux/smc.h
  HDRINST usr/include/linux/random.h
  HDRINST usr/include/linux/virtio_mmio.h
  HDRINST usr/include/linux/fuse.h
  HDRINST usr/include/linux/if_ether.h
  HDRINST usr/include/linux/scc.h
  HDRINST usr/include/linux/sed-opal.h
  HDRINST usr/include/linux/atm_eni.h
  HDRINST usr/include/linux/vbox_vmmdev_types.h
  HDRINST usr/include/linux/pcitest.h
  HDRINST usr/include/linux/i8k.h
  HDRINST usr/include/linux/kcm.h
  HDRINST usr/include/linux/pidfd.h
  HDRINST usr/include/linux/irqnr.h
  HDRINST usr/include/linux/videodev2.h
  HDRINST usr/include/linux/bpf.h
  HDRINST usr/include/linux/comedi.h
  HDRINST usr/include/linux/module.h
  HDRINST usr/include/linux/in6.h
  HDRINST usr/include/linux/smc_diag.h
  HDRINST usr/include/linux/android/binder.h
  HDRINST usr/include/linux/android/binderfs.h
  HDRINST usr/include/linux/oom.h
  HDRINST usr/include/linux/uleds.h
  HDRINST usr/include/linux/cgroupstats.h
  HDRINST usr/include/linux/virtio_scmi.h
  HDRINST usr/include/linux/tcp_metrics.h
  HDRINST usr/include/linux/wireguard.h
  HDRINST usr/include/linux/vdpa.h
  HDRINST usr/include/linux/kvm_para.h
  HDRINST usr/include/linux/isst_if.h
  HDRINST usr/include/linux/types.h
  HDRINST usr/include/linux/v4l2-subdev.h
  HDRINST usr/include/linux/vm_sockets.h
  HDRINST usr/include/linux/ioprio.h
  HDRINST usr/include/linux/blkzoned.h
  HDRINST usr/include/linux/auto_dev-ioctl.h
  HDRINST usr/include/linux/sunrpc/debug.h
  HDRINST usr/include/linux/mpls.h
  HDRINST usr/include/linux/nfc.h
  HDRINST usr/include/linux/filter.h
  HDRINST usr/include/linux/if_bonding.h
  HDRINST usr/include/linux/chio.h
  HDRINST usr/include/linux/i2c-dev.h
  HDRINST usr/include/linux/nfsd/cld.h
  HDRINST usr/include/linux/nfsd/export.h
  HDRINST usr/include/linux/nfsd/stats.h
  HDRINST usr/include/linux/nfsd/debug.h
  HDRINST usr/include/linux/bpf_common.h
  HDRINST usr/include/linux/hidraw.h
  HDRINST usr/include/linux/ncsi.h
  HDRINST usr/include/linux/zorro_ids.h
  HDRINST usr/include/linux/cdrom.h
  HDRINST usr/include/linux/tiocl.h
  HDRINST usr/include/linux/coff.h
  HDRINST usr/include/linux/nfs.h
  HDRINST usr/include/linux/prctl.h
  HDRINST usr/include/linux/netrom.h
  HDRINST usr/include/linux/parport.h
  HDRINST usr/include/linux/vboxguest.h
  HDRINST usr/include/linux/if_fddi.h
  HDRINST usr/include/linux/pps.h
  HDRINST usr/include/linux/input.h
  HDRINST usr/include/linux/vsockmon.h
  HDRINST usr/include/linux/mei_uuid.h
  HDRINST usr/include/linux/virtio_gpu.h
  HDRINST usr/include/linux/if_fc.h
  HDRINST usr/include/linux/in_route.h
  HDRINST usr/include/linux/reiserfs_xattr.h
  HDRINST usr/include/linux/smiapp.h
  HDRINST usr/include/linux/soundcard.h
  HDRINST usr/include/linux/atm_nicstar.h
  HDRINST usr/include/linux/sched/types.h
  HDRINST usr/include/linux/dpll.h
  HDRINST usr/include/linux/virtio_balloon.h
  HDRINST usr/include/linux/rpmsg.h
  HDRINST usr/include/linux/iso_fs.h
  HDRINST usr/include/linux/firewire-cdev.h
  HDRINST usr/include/linux/kexec.h
  HDRINST usr/include/linux/signal.h
  HDRINST usr/include/linux/netdevice.h
  HDRINST usr/include/linux/hw_breakpoint.h
  HDRINST usr/include/linux/spi/spi.h
  HDRINST usr/include/linux/spi/spidev.h
  HDRINST usr/include/linux/if_addrlabel.h
  HDRINST usr/include/linux/vhost.h
  HDRINST usr/include/linux/bfs_fs.h
  HDRINST usr/include/linux/adfs_fs.h
  HDRINST usr/include/linux/nfs_fs.h
  HDRINST usr/include/linux/mman.h
  HDRINST usr/include/linux/if_tunnel.h
  HDRINST usr/include/linux/vfio_zdev.h
  HDRINST usr/include/linux/atmapi.h
  HDRINST usr/include/linux/pkt_cls.h
  HDRINST usr/include/linux/nexthop.h
  HDRINST usr/include/linux/ioam6.h
  HDRINST usr/include/linux/sonypi.h
  HDRINST usr/include/linux/udf_fs_i.h
  HDRINST usr/include/linux/llc.h
  HDRINST usr/include/linux/elf-em.h
  HDRINST usr/include/linux/edd.h
  HDRINST usr/include/linux/fsmap.h
  HDRINST usr/include/linux/if_cablemodem.h
  HDRINST usr/include/linux/cryptouser.h
  HDRINST usr/include/linux/netfilter_ipv6/ip6t_HL.h
  HDRINST usr/include/linux/netfilter_ipv6/ip6t_srh.h
  HDRINST usr/include/linux/netfilter_ipv6/ip6t_mh.h
  HDRINST usr/include/linux/netfilter_ipv6/ip6t_ipv6header.h
  HDRINST usr/include/linux/netfilter_ipv6/ip6_tables.h
  HDRINST usr/include/linux/netfilter_ipv6/ip6t_ah.h
  HDRINST usr/include/linux/netfilter_ipv6/ip6t_REJECT.h
  HDRINST usr/include/linux/netfilter_ipv6/ip6t_NPT.h
  HDRINST usr/include/linux/netfilter_ipv6/ip6t_frag.h
  HDRINST usr/include/linux/netfilter_ipv6/ip6t_opts.h
  HDRINST usr/include/linux/netfilter_ipv6/ip6t_hl.h
  HDRINST usr/include/linux/netfilter_ipv6/ip6t_rt.h
  HDRINST usr/include/linux/netfilter_ipv6/ip6t_LOG.h
  HDRINST usr/include/linux/shm.h
  HDRINST usr/include/linux/nfs4.h
  HDRINST usr/include/linux/ipv6.h
  HDRINST usr/include/linux/const.h
  HDRINST usr/include/linux/securebits.h
  HDRINST usr/include/linux/nl80211.h
  HDRINST usr/include/linux/pmu.h
  HDRINST usr/include/linux/memfd.h
  HDRINST usr/include/linux/kcov.h
  HDRINST usr/include/linux/nfsd_netlink.h
  HDRINST usr/include/linux/mei.h
  HDRINST usr/include/linux/capability.h
  HDRINST usr/include/linux/mqueue.h
  HDRINST usr/include/linux/ife.h
  HDRINST usr/include/linux/if_slip.h
  HDRINST usr/include/linux/loadpin.h
  HDRINST usr/include/linux/nitro_enclaves.h
  HDRINST usr/include/linux/hid.h
  HDRINST usr/include/linux/sonet.h
  HDRINST usr/include/linux/net_namespace.h
  HDRINST usr/include/linux/cciss_ioctl.h
  HDRINST usr/include/linux/if_phonet.h
  HDRINST usr/include/linux/wmi.h
  HDRINST usr/include/linux/serial_core.h
  HDRINST usr/include/linux/sctp.h
  HDRINST usr/include/linux/vfio.h
  HDRINST usr/include/linux/netfilter/xt_tcpudp.h
  HDRINST usr/include/linux/netfilter/xt_helper.h
  HDRINST usr/include/linux/netfilter/xt_conntrack.h
  HDRINST usr/include/linux/netfilter/nfnetlink_compat.h
  HDRINST usr/include/linux/netfilter/xt_statistic.h
  HDRINST usr/include/linux/netfilter/ipset/ip_set_list.h
  HDRINST usr/include/linux/netfilter/ipset/ip_set_bitmap.h
  HDRINST usr/include/linux/netfilter/ipset/ip_set_hash.h
  HDRINST usr/include/linux/netfilter/ipset/ip_set.h
  HDRINST usr/include/linux/netfilter/xt_socket.h
  HDRINST usr/include/linux/netfilter/xt_nfacct.h
  HDRINST usr/include/linux/netfilter/xt_bpf.h
  HDRINST usr/include/linux/netfilter/xt_TCPMSS.h
  HDRINST usr/include/linux/netfilter/xt_SYNPROXY.h
  HDRINST usr/include/linux/netfilter/nf_log.h
  HDRINST usr/include/linux/netfilter/nfnetlink_conntrack.h
  HDRINST usr/include/linux/netfilter/xt_state.h
  HDRINST usr/include/linux/netfilter/xt_CT.h
  HDRINST usr/include/linux/netfilter/xt_LOG.h
  HDRINST usr/include/linux/netfilter/xt_cpu.h
  HDRINST usr/include/linux/netfilter/xt_tcpmss.h
  HDRINST usr/include/linux/netfilter/xt_realm.h
  HDRINST usr/include/linux/netfilter/xt_IDLETIMER.h
  HDRINST usr/include/linux/netfilter/nfnetlink.h
  HDRINST usr/include/linux/netfilter/xt_MARK.h
  HDRINST usr/include/linux/netfilter/xt_cgroup.h
  HDRINST usr/include/linux/netfilter/xt_set.h
  HDRINST usr/include/linux/netfilter/nfnetlink_log.h
  HDRINST usr/include/linux/netfilter/xt_rateest.h
  HDRINST usr/include/linux/netfilter/xt_owner.h
  HDRINST usr/include/linux/netfilter/xt_pkttype.h
  HDRINST usr/include/linux/netfilter/nf_tables.h
  HDRINST usr/include/linux/netfilter/xt_time.h
  HDRINST usr/include/linux/netfilter/xt_RATEEST.h
  HDRINST usr/include/linux/netfilter/xt_cluster.h
  HDRINST usr/include/linux/netfilter/xt_CLASSIFY.h
  HDRINST usr/include/linux/netfilter/xt_rpfilter.h
  HDRINST usr/include/linux/netfilter/xt_hashlimit.h
  HDRINST usr/include/linux/netfilter/nf_nat.h
  HDRINST usr/include/linux/netfilter/xt_dscp.h
  HDRINST usr/include/linux/netfilter/xt_CONNMARK.h
  HDRINST usr/include/linux/netfilter/nf_conntrack_sctp.h
  HDRINST usr/include/linux/netfilter/xt_physdev.h
  HDRINST usr/include/linux/netfilter/xt_quota.h
  HDRINST usr/include/linux/netfilter/xt_mark.h
  HDRINST usr/include/linux/netfilter/xt_limit.h
  HDRINST usr/include/linux/netfilter/xt_osf.h
  HDRINST usr/include/linux/netfilter/xt_SECMARK.h
  HDRINST usr/include/linux/netfilter/xt_TEE.h
  HDRINST usr/include/linux/netfilter/xt_mac.h
  HDRINST usr/include/linux/netfilter/nf_tables_compat.h
  HDRINST usr/include/linux/netfilter/xt_TCPOPTSTRIP.h
  HDRINST usr/include/linux/netfilter/xt_string.h
  HDRINST usr/include/linux/netfilter/xt_HMARK.h
  HDRINST usr/include/linux/netfilter/nf_conntrack_tuple_common.h
  HDRINST usr/include/linux/netfilter/xt_recent.h
  HDRINST usr/include/linux/netfilter/xt_connlimit.h
  HDRINST usr/include/linux/netfilter/xt_DSCP.h
  HDRINST usr/include/linux/netfilter/nf_synproxy.h
  HDRINST usr/include/linux/netfilter/nf_conntrack_common.h
  HDRINST usr/include/linux/netfilter/xt_TPROXY.h
  HDRINST usr/include/linux/netfilter/xt_comment.h
  HDRINST usr/include/linux/netfilter/nfnetlink_cttimeout.h
  HDRINST usr/include/linux/netfilter/xt_ecn.h
  HDRINST usr/include/linux/netfilter/xt_policy.h
  HDRINST usr/include/linux/netfilter/xt_connlabel.h
  HDRINST usr/include/linux/netfilter/nfnetlink_cthelper.h
  HDRINST usr/include/linux/netfilter/nfnetlink_hook.h
  HDRINST usr/include/linux/netfilter/nfnetlink_queue.h
  HDRINST usr/include/linux/netfilter/nf_conntrack_tcp.h
  HDRINST usr/include/linux/netfilter/nf_conntrack_ftp.h
  HDRINST usr/include/linux/netfilter/xt_length.h
  HDRINST usr/include/linux/netfilter/xt_iprange.h
  HDRINST usr/include/linux/netfilter/xt_NFLOG.h
  HDRINST usr/include/linux/netfilter/x_tables.h
  HDRINST usr/include/linux/netfilter/xt_addrtype.h
  HDRINST usr/include/linux/netfilter/xt_esp.h
  HDRINST usr/include/linux/netfilter/xt_devgroup.h
  HDRINST usr/include/linux/netfilter/xt_ipcomp.h
  HDRINST usr/include/linux/netfilter/xt_ipvs.h
  HDRINST usr/include/linux/netfilter/xt_LED.h
  HDRINST usr/include/linux/netfilter/xt_sctp.h
  HDRINST usr/include/linux/netfilter/nfnetlink_osf.h
  HDRINST usr/include/linux/netfilter/xt_connbytes.h
  HDRINST usr/include/linux/netfilter/xt_l2tp.h
  HDRINST usr/include/linux/netfilter/xt_u32.h
  HDRINST usr/include/linux/netfilter/xt_CHECKSUM.h
  HDRINST usr/include/linux/netfilter/xt_connmark.h
  HDRINST usr/include/linux/netfilter/xt_CONNSECMARK.h
  HDRINST usr/include/linux/netfilter/xt_AUDIT.h
  HDRINST usr/include/linux/netfilter/xt_dccp.h
  HDRINST usr/include/linux/netfilter/xt_multiport.h
  HDRINST usr/include/linux/netfilter/xt_NFQUEUE.h
  HDRINST usr/include/linux/netfilter/nfnetlink_acct.h
  HDRINST usr/include/linux/virtio_snd.h
  HDRINST usr/include/linux/tls.h
  HDRINST usr/include/linux/target_core_user.h
  HDRINST usr/include/linux/bpf_perf_event.h
  HDRINST usr/include/linux/perf_event.h
  HDRINST usr/include/linux/psp-sev.h
  HDRINST usr/include/linux/thermal.h
  HDRINST usr/include/linux/radeonfb.h
  HDRINST usr/include/linux/tipc_netlink.h
  HDRINST usr/include/linux/net.h
  HDRINST usr/include/linux/ndctl.h
  HDRINST usr/include/linux/mpls_iptunnel.h
  HDRINST usr/include/linux/close_range.h
  HDRINST usr/include/linux/kvm.h
  HDRINST usr/include/linux/nfs2.h
  HDRINST usr/include/linux/can.h
  HDRINST usr/include/linux/hdreg.h
  HDRINST usr/include/linux/kcmp.h
  HDRINST usr/include/linux/adb.h
  HDRINST usr/include/linux/futex.h
  HDRINST usr/include/linux/posix_types.h
  HDRINST usr/include/linux/sock_diag.h
  HDRINST usr/include/linux/utime.h
  HDRINST usr/include/linux/nfs_idmap.h
  HDRINST usr/include/linux/virtio_input.h
  HDRINST usr/include/linux/netconf.h
  HDRINST usr/include/linux/vmcore.h
  HDRINST usr/include/linux/vfio_ccw.h
  HDRINST usr/include/linux/eventpoll.h
  HDRINST usr/include/linux/mptcp.h
  HDRINST usr/include/linux/magic.h
  HDRINST usr/include/linux/nilfs2_api.h
  HDRINST usr/include/linux/netlink.h
  HDRINST usr/include/linux/falloc.h
  HDRINST usr/include/linux/tipc_sockets_diag.h
  HDRINST usr/include/linux/v4l2-common.h
  HDRINST usr/include/linux/elf-fdpic.h
  HDRINST usr/include/linux/affs_hardblocks.h
  HDRINST usr/include/linux/sockios.h
  HDRINST usr/include/linux/uuid.h
  HDRINST usr/include/linux/bpqether.h
  HDRINST usr/include/linux/mdio.h
  HDRINST usr/include/linux/virtio_rng.h
  HDRINST usr/include/linux/msg.h
  HDRINST usr/include/linux/if_tun.h
  HDRINST usr/include/linux/netlink_diag.h
  HDRINST usr/include/linux/mtio.h
  HDRINST usr/include/linux/rds.h
  HDRINST usr/include/linux/cec-funcs.h
  HDRINST usr/include/linux/io_uring.h
  HDRINST usr/include/linux/fs.h
  HDRINST usr/include/linux/netdev.h
  HDRINST usr/include/linux/rtnetlink.h
  HDRINST usr/include/linux/remoteproc_cdev.h
  HDRINST usr/include/linux/erspan.h
  HDRINST usr/include/linux/sev-guest.h
  HDRINST usr/include/linux/ptp_clock.h
  HDRINST usr/include/linux/watchdog.h
  HDRINST usr/include/linux/ppdev.h
  HDRINST usr/include/linux/qnxtypes.h
  HDRINST usr/include/linux/tty.h
  HDRINST usr/include/linux/devlink.h
  HDRINST usr/include/linux/f2fs.h
  HDRINST usr/include/linux/taskstats.h
  HDRINST usr/include/linux/map_to_14segment.h
  HDRINST usr/include/linux/lirc.h
  HDRINST usr/include/linux/synclink.h
  HDRINST usr/include/linux/screen_info.h
  HDRINST usr/include/linux/nfsacl.h
  HDRINST usr/include/linux/if_pppox.h
  HDRINST usr/include/linux/phonet.h
  HDRINST usr/include/linux/psample.h
  HDRINST usr/include/linux/userio.h
  HDRINST usr/include/linux/watch_queue.h
  HDRINST usr/include/linux/fsl_mc.h
  HDRINST usr/include/linux/zorro.h
  HDRINST usr/include/linux/virtio_net.h
  HDRINST usr/include/linux/atmclip.h
  HDRINST usr/include/linux/tcp.h
  HDRINST usr/include/linux/coresight-stm.h
  HDRINST usr/include/linux/ptrace.h
  HDRINST usr/include/linux/binfmts.h
  HDRINST usr/include/linux/seg6.h
  HDRINST usr/include/linux/in.h
  HDRINST usr/include/linux/arcfb.h
  HDRINST usr/include/linux/rpl_iptunnel.h
  HDRINST usr/include/linux/loop.h
  HDRINST usr/include/linux/nubus.h
  HDRINST usr/include/linux/stat.h
  HDRINST usr/include/linux/mctp.h
  HDRINST usr/include/linux/ppp_defs.h
  HDRINST usr/include/linux/kernel.h
  HDRINST usr/include/linux/ccs.h
  HDRINST usr/include/linux/if_link.h
  HDRINST usr/include/linux/openat2.h
  HDRINST usr/include/linux/fib_rules.h
  HDRINST usr/include/linux/virtio_pmem.h
  HDRINST usr/include/linux/tee.h
  HDRINST usr/include/linux/max2175.h
  HDRINST usr/include/linux/mount.h
  HDRINST usr/include/linux/stddef.h
  HDRINST usr/include/linux/byteorder/big_endian.h
  HDRINST usr/include/linux/byteorder/little_endian.h
  HDRINST usr/include/linux/virtio_bt.h
  HDRINST usr/include/linux/if_bridge.h
  HDRINST usr/include/linux/psp-dbc.h
  HDRINST usr/include/linux/ila.h
  HDRINST usr/include/linux/posix_acl_xattr.h
  HDRINST usr/include/linux/suspend_ioctls.h
  HDRINST usr/include/linux/btf.h
  HDRINST usr/include/linux/batadv_packet.h
  HDRINST usr/include/linux/virtio_pcidev.h
  HDRINST usr/include/linux/stm.h
  HDRINST usr/include/linux/ivtv.h
  HDRINST usr/include/linux/fscrypt.h
  HDRINST usr/include/linux/kfd_sysfs.h
  HDRINST usr/include/linux/if_hippi.h
  HDRINST usr/include/linux/qnx4_fs.h
  HDRINST usr/include/linux/cec.h
  HDRINST usr/include/linux/if_arcnet.h
  HDRINST usr/include/linux/gameport.h
  HDRINST usr/include/linux/can/raw.h
  HDRINST usr/include/linux/can/j1939.h
  HDRINST usr/include/linux/can/error.h
  HDRINST usr/include/linux/can/vxcan.h
  HDRINST usr/include/linux/can/isotp.h
  HDRINST usr/include/linux/can/netlink.h
  HDRINST usr/include/linux/can/gw.h
  HDRINST usr/include/linux/can/bcm.h
  HDRINST usr/include/linux/psci.h
  HDRINST usr/include/linux/surface_aggregator/cdev.h
  HDRINST usr/include/linux/surface_aggregator/dtx.h
  HDRINST usr/include/linux/fadvise.h
  HDRINST usr/include/linux/tipc.h
  HDRINST usr/include/linux/nfs3.h
  HDRINST usr/include/linux/seg6_genl.h
  HDRINST usr/include/linux/posix_acl.h
  HDRINST usr/include/linux/fdreg.h
  HDRINST usr/include/linux/netfilter_arp.h
  HDRINST usr/include/linux/if_addr.h
  HDRINST usr/include/linux/idxd.h
  HDRINST usr/include/linux/sched.h
  HDRINST usr/include/linux/mmc/ioctl.h
  HDRINST usr/include/linux/rpmsg_types.h
  HDRINST usr/include/linux/xfrm.h
  HDRINST usr/include/linux/udp.h
  HDRINST usr/include/linux/xilinx-v4l2-controls.h
  HDRINST usr/include/linux/iommu.h
  HDRINST usr/include/linux/icmpv6.h
  HDRINST usr/include/linux/virtio_types.h
  HDRINST usr/include/linux/wireless.h
  HDRINST usr/include/linux/dlmconstants.h
  HDRINST usr/include/linux/fsl_hypervisor.h
  HDRINST usr/include/linux/media.h
  HDRINST usr/include/linux/sysinfo.h
  HDRINST usr/include/linux/inotify.h
  HDRINST usr/include/linux/gfs2_ondisk.h
  HDRINST usr/include/linux/virtio_gpio.h
  HDRINST usr/include/linux/aspeed-video.h
  HDRINST usr/include/linux/lp.h
  HDRINST usr/include/linux/vhost_types.h
  HDRINST usr/include/linux/time.h
  HDRINST usr/include/linux/raid/md_p.h
  HDRINST usr/include/linux/raid/md_u.h
  HDRINST usr/include/linux/bpfilter.h
  HDRINST usr/include/linux/cn_proc.h
  HDRINST usr/include/linux/userfaultfd.h
  HDRINST usr/include/linux/atmlec.h
  HDRINST usr/include/linux/pfrut.h
  HDRINST usr/include/linux/um_timetravel.h
  HDRINST usr/include/linux/cramfs_fs.h
  HDRINST usr/include/linux/ip_vs.h
  HDRINST usr/include/linux/selinux_netlink.h
  HDRINST usr/include/linux/major.h
  HDRINST usr/include/linux/if_macsec.h
  HDRINST usr/include/linux/dw100.h
  HDRINST usr/include/linux/termios.h
  HDRINST usr/include/linux/kfd_ioctl.h
  HDRINST usr/include/linux/virtio_scsi.h
  HDRINST usr/include/linux/atm_tcp.h
  HDRINST usr/include/linux/ipsec.h
  HDRINST usr/include/linux/i2c.h
  HDRINST usr/include/linux/btrfs.h
  HDRINST usr/include/linux/bcm933xx_hcs.h
  HDRINST usr/include/linux/dma-buf.h
  HDRINST usr/include/linux/msdos_fs.h
  HDRINST usr/include/linux/string.h
  HDRINST usr/include/linux/atmsvc.h
  HDRINST usr/include/linux/sound.h
  HDRINST usr/include/linux/hsr_netlink.h
  HDRINST usr/include/linux/if_packet.h
  HDRINST usr/include/linux/coda.h
  HDRINST usr/include/linux/sem.h
  HDRINST usr/include/linux/dqblk_xfs.h
  HDRINST usr/include/linux/cachefiles.h
  HDRINST usr/include/linux/pktcdvd.h
  HDRINST usr/include/linux/hdlc/ioctl.h
  HDRINST usr/include/linux/neighbour.h
  HDRINST usr/include/linux/ioam6_iptunnel.h
  HDRINST usr/include/linux/tty_flags.h
  HDRINST usr/include/linux/reboot.h
  HDRINST usr/include/linux/wait.h
  HDRINST usr/include/linux/atm.h
  HDRINST usr/include/linux/snmp.h
  HDRINST usr/include/linux/hdlc.h
  HDRINST usr/include/linux/veth.h
  HDRINST usr/include/linux/route.h
  HDRINST usr/include/linux/rseq.h
  HDRINST usr/include/linux/vduse.h
  HDRINST usr/include/linux/iommufd.h
  HDRINST usr/include/linux/auxvec.h
  HDRINST usr/include/linux/gsmmux.h
  HDRINST usr/include/linux/netfilter_bridge.h
  HDRINST usr/include/linux/caif/caif_socket.h
  HDRINST usr/include/linux/caif/if_caif.h
  HDRINST usr/include/linux/mempolicy.h
  HDRINST usr/include/linux/vtpm_proxy.h
  HDRINST usr/include/linux/atmioc.h
  HDRINST usr/include/linux/vbox_err.h
  HDRINST usr/include/linux/signalfd.h
  HDRINST usr/include/linux/serial_reg.h
  HDRINST usr/include/linux/v4l2-mediabus.h
  HDRINST usr/include/linux/firewire-constants.h
  HDRINST usr/include/linux/atmppp.h
  HDRINST usr/include/linux/omapfb.h
  HDRINST usr/include/linux/if_ppp.h
  HDRINST usr/include/linux/rose.h
  HDRINST usr/include/linux/virtio_config.h
  HDRINST usr/include/linux/ultrasound.h
  HDRINST usr/include/linux/ipmi_bmc.h
  HDRINST usr/include/linux/pfkeyv2.h
  HDRINST usr/include/linux/if_eql.h
  HDRINST usr/include/linux/kernelcapi.h
  HDRINST usr/include/linux/net_tstamp.h
  HDRINST usr/include/linux/baycom.h
  HDRINST usr/include/linux/keyboard.h
  HDRINST usr/include/linux/ipmi.h
  HDRINST usr/include/linux/hash_info.h
  HDRINST usr/include/linux/nfs4_mount.h
  HDRINST usr/include/linux/misc/bcm_vk.h
  HDRINST usr/include/linux/fsverity.h
  HDRINST usr/include/linux/romfs_fs.h
  HDRINST usr/include/linux/tc_act/tc_tunnel_key.h
  HDRINST usr/include/linux/tc_act/tc_gate.h
  HDRINST usr/include/linux/tc_act/tc_mirred.h
  HDRINST usr/include/linux/tc_act/tc_skbedit.h
  HDRINST usr/include/linux/tc_act/tc_bpf.h
  HDRINST usr/include/linux/tc_act/tc_ife.h
  HDRINST usr/include/linux/tc_act/tc_defact.h
  HDRINST usr/include/linux/tc_act/tc_nat.h
  HDRINST usr/include/linux/tc_act/tc_pedit.h
  HDRINST usr/include/linux/tc_act/tc_ipt.h
  HDRINST usr/include/linux/tc_act/tc_gact.h
  HDRINST usr/include/linux/tc_act/tc_ct.h
  HDRINST usr/include/linux/tc_act/tc_sample.h
  HDRINST usr/include/linux/tc_act/tc_connmark.h
  HDRINST usr/include/linux/tc_act/tc_ctinfo.h
  HDRINST usr/include/linux/tc_act/tc_mpls.h
  HDRINST usr/include/linux/tc_act/tc_vlan.h
  HDRINST usr/include/linux/tc_act/tc_csum.h
  HDRINST usr/include/linux/tc_act/tc_skbmod.h
  HDRINST usr/include/linux/netfilter_ipv6.h
  HDRINST usr/include/linux/genwqe/genwqe_card.h
  HDRINST usr/include/linux/resource.h
  HDRINST usr/include/linux/gtp.h
  HDRINST usr/include/linux/bsg.h
  HDRINST usr/include/linux/sysctl.h
  HDRINST usr/include/linux/seccomp.h
  HDRINST usr/include/linux/l2tp.h
  HDRINST usr/include/linux/kdev_t.h
  HDRINST usr/include/linux/toshiba.h
  HDRINST usr/include/linux/fb.h
  HDRINST usr/include/linux/if_plip.h
  HDRINST usr/include/linux/seg6_hmac.h
  HDRINST usr/include/linux/rio_mport_cdev.h
  HDRINST usr/include/linux/if_xdp.h
  HDRINST usr/include/linux/xdp_diag.h
  HDRINST usr/include/linux/quota.h
  HDRINST usr/include/linux/audit.h
  HDRINST usr/include/linux/acrn.h
  HDRINST usr/include/linux/rfkill.h
  HDRINST usr/include/linux/rtc.h
  HDRINST usr/include/linux/socket.h
  HDRINST usr/include/linux/vt.h
  HDRINST usr/include/linux/net_dropmon.h
  HDRINST usr/include/linux/pr.h
  HDRINST usr/include/linux/btrfs_tree.h
  HDRINST usr/include/linux/acct.h
  HDRINST usr/include/linux/fou.h
  HDRINST usr/include/linux/if_team.h
  HDRINST usr/include/linux/dcbnl.h
  HDRINST usr/include/linux/cxl_mem.h
  HDRINST usr/include/linux/cyclades.h
  HDRINST usr/include/linux/cciss_defs.h
  HDRINST usr/include/linux/ethtool_netlink.h
  HDRINST usr/include/linux/rio_cm_cdev.h
  HDRINST usr/include/linux/nfs_mount.h
  HDRINST usr/include/linux/ppp-comp.h
  HDRINST usr/include/linux/joystick.h
  HDRINST usr/include/linux/times.h
  HDRINST usr/include/linux/nbd.h
  HDRINST usr/include/linux/netfilter_arp/arp_tables.h
  HDRINST usr/include/linux/netfilter_arp/arpt_mangle.h
  HDRINST usr/include/linux/counter.h
  HDRINST usr/include/linux/errqueue.h
  HDRINST usr/include/linux/fanotify.h
  HDRINST usr/include/linux/cycx_cfm.h
  HDRINST usr/include/linux/netfilter.h
  HDRINST usr/include/linux/iio/types.h
  HDRINST usr/include/linux/iio/events.h
  HDRINST usr/include/linux/iio/buffer.h
  HDRINST usr/include/linux/connector.h
  HDRINST usr/include/linux/virtio_vsock.h
  HDRINST usr/include/linux/gpio.h
  HDRINST usr/include/linux/i2o-dev.h
  HDRINST usr/include/linux/virtio_mem.h
  HDRINST usr/include/linux/qemu_fw_cfg.h
  HDRINST usr/include/linux/time_types.h
  HDRINST usr/include/linux/if_infiniband.h
  HDRINST usr/include/linux/atm_zatm.h
  HDRINST usr/include/linux/ethtool.h
  HDRINST usr/include/linux/ioam6_genl.h
  HDRINST usr/include/linux/media-bus-format.h
  HDRINST usr/include/linux/usbip.h
  HDRINST usr/include/linux/igmp.h
  HDRINST usr/include/linux/virtio_ids.h
  HDRINST usr/include/linux/ppp-ioctl.h
  HDRINST usr/include/linux/phantom.h
  HDRINST usr/include/linux/qrtr.h
  HDRINST usr/include/linux/personality.h
  HDRINST usr/include/linux/omap3isp.h
  HDRINST usr/include/linux/virtio_crypto.h
  HDRINST usr/include/linux/cfm_bridge.h
  HDRINST usr/include/linux/uio.h
  HDRINST usr/include/linux/if_pppol2tp.h
  HDRINST usr/include/linux/virtio_ring.h
  HDRINST usr/include/linux/atmmpc.h
  HDRINST usr/include/linux/ivtvfb.h
  HDRINST usr/include/linux/aio_abi.h
  HDRINST usr/include/linux/timerfd.h
  HDRINST usr/include/linux/uvcvideo.h
  HDRINST usr/include/linux/minix_fs.h
  HDRINST usr/include/linux/elf.h
  HDRINST usr/include/linux/packet_diag.h
  HDRINST usr/include/linux/virtio_fs.h
  HDRINST usr/include/linux/uhid.h
  HDRINST usr/include/linux/reiserfs_fs.h
  HDRINST usr/include/linux/genetlink.h
  HDRINST usr/include/linux/udmabuf.h
  HDRINST usr/include/misc/pvpanic.h
  HDRINST usr/include/misc/cxl.h
  HDRINST usr/include/misc/fastrpc.h
  HDRINST usr/include/misc/uacce/hisi_qm.h
  HDRINST usr/include/misc/uacce/uacce.h
  HDRINST usr/include/misc/ocxl.h
  HDRINST usr/include/misc/xilinx_sdfec.h
  HDRINST usr/include/mtd/mtd-user.h
  HDRINST usr/include/mtd/ubi-user.h
  HDRINST usr/include/mtd/mtd-abi.h
  HDRINST usr/include/mtd/inftl-user.h
  HDRINST usr/include/mtd/nftl-user.h
  HDRINST usr/include/rdma/hns-abi.h
  HDRINST usr/include/rdma/rdma_netlink.h
  HDRINST usr/include/rdma/rdma_user_ioctl_cmds.h
  HDRINST usr/include/rdma/ib_user_verbs.h
  HDRINST usr/include/rdma/ib_user_sa.h
  HDRINST usr/include/rdma/erdma-abi.h
  HDRINST usr/include/rdma/mlx4-abi.h
  HDRINST usr/include/rdma/cxgb4-abi.h
  HDRINST usr/include/rdma/rdma_user_cm.h
  HDRINST usr/include/rdma/mlx5_user_ioctl_verbs.h
  HDRINST usr/include/rdma/vmw_pvrdma-abi.h
  HDRINST usr/include/rdma/hfi/hfi1_ioctl.h
  HDRINST usr/include/rdma/hfi/hfi1_user.h
  HDRINST usr/include/rdma/qedr-abi.h
  HDRINST usr/include/rdma/mana-abi.h
  HDRINST usr/include/rdma/rdma_user_rxe.h
  HDRINST usr/include/rdma/rdma_user_ioctl.h
  HDRINST usr/include/rdma/ib_user_ioctl_cmds.h
  HDRINST usr/include/rdma/ib_user_mad.h
  HDRINST usr/include/rdma/irdma-abi.h
  HDRINST usr/include/rdma/rvt-abi.h
  HDRINST usr/include/rdma/siw-abi.h
  HDRINST usr/include/rdma/ocrdma-abi.h
  HDRINST usr/include/rdma/mthca-abi.h
  HDRINST usr/include/rdma/mlx5_user_ioctl_cmds.h
  HDRINST usr/include/rdma/mlx5-abi.h
  HDRINST usr/include/rdma/ib_user_ioctl_verbs.h
  HDRINST usr/include/rdma/efa-abi.h
  HDRINST usr/include/rdma/bnxt_re-abi.h
  HDRINST usr/include/scsi/scsi_bsg_ufs.h
  HDRINST usr/include/scsi/scsi_netlink_fc.h
  HDRINST usr/include/scsi/scsi_bsg_mpi3mr.h
  HDRINST usr/include/scsi/fc/fc_fs.h
  HDRINST usr/include/scsi/fc/fc_gs.h
  HDRINST usr/include/scsi/fc/fc_ns.h
  HDRINST usr/include/scsi/fc/fc_els.h
  HDRINST usr/include/scsi/scsi_netlink.h
  HDRINST usr/include/scsi/scsi_bsg_fc.h
  HDRINST usr/include/scsi/cxlflash_ioctl.h
  HDRINST usr/include/sound/snd_sst_tokens.h
  HDRINST usr/include/sound/hdsp.h
  HDRINST usr/include/sound/asoc.h
  HDRINST usr/include/sound/emu10k1.h
  HDRINST usr/include/sound/sof/abi.h
  HDRINST usr/include/sound/sof/fw.h
  HDRINST usr/include/sound/sof/header.h
  HDRINST usr/include/sound/sof/tokens.h
  HDRINST usr/include/sound/asound.h
  HDRINST usr/include/sound/asound_fm.h
  HDRINST usr/include/sound/asequencer.h
  HDRINST usr/include/sound/snd_ar_tokens.h
  HDRINST usr/include/sound/firewire.h
  HDRINST usr/include/sound/compress_params.h
  HDRINST usr/include/sound/usb_stream.h
  HDRINST usr/include/sound/intel/avs/tokens.h
  HDRINST usr/include/sound/compress_offload.h
  HDRINST usr/include/sound/hdspm.h
  HDRINST usr/include/sound/skl-tplg-interface.h
  HDRINST usr/include/sound/sfnt_info.h
  HDRINST usr/include/sound/tlv.h
  HDRINST usr/include/sound/sb16_csp.h
  HDRINST usr/include/video/uvesafb.h
  HDRINST usr/include/video/edid.h
  HDRINST usr/include/video/sisfb.h
  HDRINST usr/include/xen/evtchn.h
  HDRINST usr/include/xen/gntalloc.h
  HDRINST usr/include/xen/privcmd.h
  HDRINST usr/include/xen/gntdev.h
  HDRINST usr/include/linux/version.h
  HDRINST usr/include/asm/fcntl.h
  HDRINST usr/include/asm/param.h
  HDRINST usr/include/asm/ucontext.h
  HDRINST usr/include/asm/unistd.h
  HDRINST usr/include/asm/perf_regs.h
  HDRINST usr/include/asm/signal.h
  HDRINST usr/include/asm/bpf_perf_event.h
  HDRINST usr/include/asm/mman.h
  HDRINST usr/include/asm/kvm.h
  HDRINST usr/include/asm/posix_types.h
  HDRINST usr/include/asm/bitsperlong.h
  HDRINST usr/include/asm/ptrace.h
  HDRINST usr/include/asm/hwcap.h
  HDRINST usr/include/asm/statfs.h
  HDRINST usr/include/asm/byteorder.h
  HDRINST usr/include/asm/auxvec.h
  HDRINST usr/include/asm/sve_context.h
  HDRINST usr/include/asm/sigcontext.h
  HDRINST usr/include/asm/setup.h
  HDRINST usr/include/asm/cheri.h
  HDRINST usr/include/asm/errno.h
  HDRINST usr/include/asm/poll.h
  HDRINST usr/include/asm/ioctls.h
  HDRINST usr/include/asm/ioctl.h
  HDRINST usr/include/asm/swab.h
  HDRINST usr/include/asm/types.h
  HDRINST usr/include/asm/kvm_para.h
  HDRINST usr/include/asm/termbits.h
  HDRINST usr/include/asm/shmbuf.h
  HDRINST usr/include/asm/sockios.h
  HDRINST usr/include/asm/sembuf.h
  HDRINST usr/include/asm/stat.h
  HDRINST usr/include/asm/siginfo.h
  HDRINST usr/include/asm/termios.h
  HDRINST usr/include/asm/msgbuf.h
  HDRINST usr/include/asm/ipcbuf.h
  HDRINST usr/include/asm/resource.h
  HDRINST usr/include/asm/socket.h
  INSTALL /headers/include
make[1]: Leaving directory '/build'
